Title:,"Time Series, Area-Averaged of Transpiration hourly 0.125 deg. [NLDAS Model NLDAS_MOS0125_H ()"
User Start Date:,2019-01-01T00:00:00Z
User End Date:,2019-05-26T23:59:59Z
User Bounding Box:,"-84.9463,34.0137,-81.123,36.6504"
Data Bounding Box:,"-84.9375,34.0625,-81.1875,36.5625"
URL to Reproduce Results:,"https://giovanni.gsfc.nasa.gov/giovanni/#service=ArAvTs&starttime=2019-01-01T00:00:00Z&endtime=2019-05-26T23:59:59Z&bbox=-84.9463,34.0137,-81.123,36.6504&data=NLDAS_MOS0125_H_002_transsfc&variableFacets=dataFieldDiscipline%3AWater%20and%20Energy%20Cycle%3B&portal=GIOVANNI&format=json"
Fill Value (mean_NLDAS_MOS0125_H_002_transsfc):,-9999
,
time, mean_NLDAS_MOS0125_H_002_transsfc
1/1/19 0:00,-1.08347273
1/1/19 1:00,-0.41338253
1/1/19 2:00,-0.164345428
1/1/19 3:00,-0.105925947
1/1/19 4:00,-0.083750874
1/1/19 5:00,-0.051769093
1/1/19 6:00,-0.019425372
1/1/19 7:00,-0.00878372
1/1/19 8:00,-0.014907304
1/1/19 9:00,-0.024465073
1/1/19 10:00,-0.024082327
1/1/19 11:00,-0.025855677
1/1/19 12:00,-0.023110211
1/1/19 13:00,-0.017151939
1/1/19 14:00,-0.310037017
1/1/19 15:00,-1.56151903
1/1/19 16:00,-5.14673233
1/1/19 17:00,-13.7143707
1/1/19 18:00,-28.097187
1/1/19 19:00,-41.1407318
1/1/19 20:00,-45.4855347
1/1/19 21:00,-33.2072639
1/1/19 22:00,-9.79495144
1/1/19 23:00,-0.242392272
1/2/19 0:00,0
1/2/19 1:00,0
1/2/19 2:00,0
1/2/19 3:00,0
1/2/19 4:00,0
1/2/19 5:00,0
1/2/19 6:00,0
1/2/19 7:00,-9.54E-07
1/2/19 8:00,-9.54E-07
1/2/19 9:00,-1.53E-05
1/2/19 10:00,-3.06E-05
1/2/19 11:00,-9.54E-07
1/2/19 12:00,-0.000186049
1/2/19 13:00,-0.001040964
1/2/19 14:00,-0.029477203
1/2/19 15:00,-0.977139294
1/2/19 16:00,-21.028223
1/2/19 17:00,-38.1590118
1/2/19 18:00,-43.5865974
1/2/19 19:00,-41.3007889
1/2/19 20:00,-33.373436
1/2/19 21:00,-17.517704
1/2/19 22:00,-4.27883101
1/2/19 23:00,-0.30153358
1/3/19 0:00,-0.007549077
1/3/19 1:00,-0.000156
1/3/19 2:00,0
1/3/19 3:00,-3.07E-05
1/3/19 4:00,-1.61E-05
1/3/19 5:00,0
1/3/19 6:00,-7.64E-05
1/3/19 7:00,-0.000136769
1/3/19 8:00,-0.000242686
1/3/19 9:00,-0.000257832
1/3/19 10:00,-0.000121331
1/3/19 11:00,-4.55E-05
1/3/19 12:00,-0.000368568
1/3/19 13:00,-0.001198509
1/3/19 14:00,-0.012133273
1/3/19 15:00,-0.234040096
1/3/19 16:00,-1.88989055
1/3/19 17:00,-5.69605923
1/3/19 18:00,-13.7818336
1/3/19 19:00,-23.5188141
1/3/19 20:00,-28.5297432
1/3/19 21:00,-23.6985664
1/3/19 22:00,-8.47861767
1/3/19 23:00,-0.265279114
1/4/19 0:00,0
1/4/19 1:00,0
1/4/19 2:00,0
1/4/19 3:00,-1.91E-06
1/4/19 4:00,0
1/4/19 5:00,-1.91E-06
1/4/19 6:00,-0.000108036
1/4/19 7:00,-0.002730515
1/4/19 8:00,-0.004041233
1/4/19 9:00,-0.002321535
1/4/19 10:00,-0.004419695
1/4/19 11:00,-0.005397607
1/4/19 12:00,-0.00436906
1/4/19 13:00,-0.003781691
1/4/19 14:00,-0.029579092
1/4/19 15:00,-0.398217887
1/4/19 16:00,-2.49748993
1/4/19 17:00,-7.67818594
1/4/19 18:00,-16.8081303
1/4/19 19:00,-26.6146202
1/4/19 20:00,-31.9941788
1/4/19 21:00,-25.3331661
1/4/19 22:00,-12.8705473
1/4/19 23:00,-3.88405514
1/5/19 0:00,-2.19146657
1/5/19 1:00,-1.69202721
1/5/19 2:00,-1.5758239
1/5/19 3:00,-1.62937582
1/5/19 4:00,-1.3976264
1/5/19 5:00,-1.18642807
1/5/19 6:00,-1.06479847
1/5/19 7:00,-0.89013499
1/5/19 8:00,-0.719634891
1/5/19 9:00,-0.579298139
1/5/19 10:00,-0.51151067
1/5/19 11:00,-0.560371578
1/5/19 12:00,-0.517000556
1/5/19 13:00,-0.658541501
1/5/19 14:00,-4.03755808
1/5/19 15:00,-12.9902067
1/5/19 16:00,-27.7585659
1/5/19 17:00,-48.2895813
1/5/19 18:00,-69.1688538
1/5/19 19:00,-79.0630951
1/5/19 20:00,-75.8888321
1/5/19 21:00,-56.8653183
1/5/19 22:00,-26.925066
1/5/19 23:00,-4.44422817
1/6/19 0:00,-1.01632798
1/6/19 1:00,-0.403622866
1/6/19 2:00,-0.324234158
1/6/19 3:00,-0.303412378
1/6/19 4:00,-0.276560783
1/6/19 5:00,-0.242167681
1/6/19 6:00,-0.20759277
1/6/19 7:00,-0.164115265
1/6/19 8:00,-0.115416862
1/6/19 9:00,-0.073931426
1/6/19 10:00,-0.048224989
1/6/19 11:00,-0.03704105
1/6/19 12:00,-0.032219891
1/6/19 13:00,-0.028744549
1/6/19 14:00,-0.294528693
1/6/19 15:00,-7.86711264
1/6/19 16:00,-62.3652916
1/6/19 17:00,-98.1344376
1/6/19 18:00,-119.365768
1/6/19 19:00,-124.882721
1/6/19 20:00,-112.236336
1/6/19 21:00,-66.8546524
1/6/19 22:00,-13.012392
1/6/19 23:00,-0.577269614
1/7/19 0:00,-0.063996226
1/7/19 1:00,-0.005651959
1/7/19 2:00,-0.000493523
1/7/19 3:00,-0.000169388
1/7/19 4:00,-0.000216071
1/7/19 5:00,-0.000262801
1/7/19 6:00,-0.00066485
1/7/19 7:00,-0.001498857
1/7/19 8:00,-0.011252054
1/7/19 9:00,-0.060555879
1/7/19 10:00,-0.183370262
1/7/19 11:00,-0.357055068
1/7/19 12:00,-0.49476862
1/7/19 13:00,-0.483540207
1/7/19 14:00,-2.25821376
1/7/19 15:00,-20.9266109
1/7/19 16:00,-61.7767448
1/7/19 17:00,-84.9601059
1/7/19 18:00,-101.595688
1/7/19 19:00,-104.330994
1/7/19 20:00,-92.7374115
1/7/19 21:00,-66.3869095
1/7/19 22:00,-31.9996853
1/7/19 23:00,-5.71401167
1/8/19 0:00,-1.7850225
1/8/19 1:00,-1.16352725
1/8/19 2:00,-1.04080641
1/8/19 3:00,-1.06279504
1/8/19 4:00,-0.99900043
1/8/19 5:00,-0.812695086
1/8/19 6:00,-0.658384144
1/8/19 7:00,-0.570128798
1/8/19 8:00,-0.485253394
1/8/19 9:00,-0.455319285
1/8/19 10:00,-0.479572117
1/8/19 11:00,-0.425685197
1/8/19 12:00,-0.349729955
1/8/19 13:00,-0.309160173
1/8/19 14:00,-2.53955436
1/8/19 15:00,-16.5690346
1/8/19 16:00,-38.0860901
1/8/19 17:00,-54.3089676
1/8/19 18:00,-68.2698746
1/8/19 19:00,-74.5790329
1/8/19 20:00,-70.5227203
1/8/19 21:00,-53.6021576
1/8/19 22:00,-28.3945541
1/8/19 23:00,-7.11060667
1/9/19 0:00,-3.05883074
1/9/19 1:00,-2.19848967
1/9/19 2:00,-2.3599658
1/9/19 3:00,-2.52411056
1/9/19 4:00,-2.31410408
1/9/19 5:00,-2.17466116
1/9/19 6:00,-2.0351634
1/9/19 7:00,-1.57809103
1/9/19 8:00,-1.26734674
1/9/19 9:00,-1.01636124
1/9/19 10:00,-0.770991623
1/9/19 11:00,-0.660680473
1/9/19 12:00,-0.58438313
1/9/19 13:00,-0.701513112
1/9/19 14:00,-3.64352655
1/9/19 15:00,-18.3078995
1/9/19 16:00,-37.3747139
1/9/19 17:00,-51.8379707
1/9/19 18:00,-61.4522018
1/9/19 19:00,-61.6636734
1/9/19 20:00,-54.2491455
1/9/19 21:00,-40.1001663
1/9/19 22:00,-21.522831
1/9/19 23:00,-5.52736902
1/10/19 0:00,-2.09041452
1/10/19 1:00,-1.10138154
1/10/19 2:00,-0.79837656
1/10/19 3:00,-0.633052051
1/10/19 4:00,-0.506130338
1/10/19 5:00,-0.41391319
1/10/19 6:00,-0.337699383
1/10/19 7:00,-0.296130717
1/10/19 8:00,-0.280899435
1/10/19 9:00,-0.254336298
1/10/19 10:00,-0.24151817
1/10/19 11:00,-0.26319769
1/10/19 12:00,-0.276928842
1/10/19 13:00,-0.303999394
1/10/19 14:00,-1.89716756
1/10/19 15:00,-9.26268101
1/10/19 16:00,-19.3253937
1/10/19 17:00,-30.7873058
1/10/19 18:00,-41.8356438
1/10/19 19:00,-46.1255722
1/10/19 20:00,-42.6685905
1/10/19 21:00,-32.4672165
1/10/19 22:00,-17.3639812
1/10/19 23:00,-3.41402245
1/11/19 0:00,-0.57545805
1/11/19 1:00,-0.161169484
1/11/19 2:00,-0.076468021
1/11/19 3:00,-0.053821955
1/11/19 4:00,-0.039743193
1/11/19 5:00,-0.023521246
1/11/19 6:00,-0.010219052
1/11/19 7:00,-0.002785661
1/11/19 8:00,-0.000246468
1/11/19 9:00,0
1/11/19 10:00,0
1/11/19 11:00,0
1/11/19 12:00,0
1/11/19 13:00,0
1/11/19 14:00,-0.049501576
1/11/19 15:00,-8.63676739
1/11/19 16:00,-34.165184
1/11/19 17:00,-56.8703842
1/11/19 18:00,-76.1107788
1/11/19 19:00,-82.2962952
1/11/19 20:00,-74.6575394
1/11/19 21:00,-54.893692
1/11/19 22:00,-28.9074364
1/11/19 23:00,-5.45774174
1/12/19 0:00,-1.12464964
1/12/19 1:00,-0.605305672
1/12/19 2:00,-0.341750383
1/12/19 3:00,-0.324984461
1/12/19 4:00,-0.594947398
1/12/19 5:00,-0.87947017
1/12/19 6:00,-1.19503546
1/12/19 7:00,-1.63929129
1/12/19 8:00,-1.8829565
1/12/19 9:00,-1.88058174
1/12/19 10:00,-1.88344491
1/12/19 11:00,-1.99748313
1/12/19 12:00,-2.21074128
1/12/19 13:00,-2.65986562
1/12/19 14:00,-6.69087029
1/12/19 15:00,-12.2234707
1/12/19 16:00,-16.2033634
1/12/19 17:00,-19.1389065
1/12/19 18:00,-20.9247074
1/12/19 19:00,-20.8079014
1/12/19 20:00,-18.6196785
1/12/19 21:00,-14.2134771
1/12/19 22:00,-8.01193333
1/12/19 23:00,-2.75491738
1/13/19 0:00,-1.27530169
1/13/19 1:00,-0.682694256
1/13/19 2:00,-0.354050517
1/13/19 3:00,-0.17538397
1/13/19 4:00,-0.097222574
1/13/19 5:00,-0.061317805
1/13/19 6:00,-0.046620391
1/13/19 7:00,-0.044950496
1/13/19 8:00,-0.049054109
1/13/19 9:00,-0.050632246
1/13/19 10:00,-0.051565506
1/13/19 11:00,-0.050972544
1/13/19 12:00,-0.054302137
1/13/19 13:00,-0.069330484
1/13/19 14:00,-0.229422331
1/13/19 15:00,-0.759244382
1/13/19 16:00,-2.27431941
1/13/19 17:00,-5.42843151
1/13/19 18:00,-10.0307903
1/13/19 19:00,-13.7385569
1/13/19 20:00,-14.872489
1/13/19 21:00,-12.7188873
1/13/19 22:00,-7.38767147
1/13/19 23:00,-1.51365662
1/14/19 0:00,-0.382510245
1/14/19 1:00,-0.322977364
1/14/19 2:00,-0.309474111
1/14/19 3:00,-0.314390689
1/14/19 4:00,-0.310486823
1/14/19 5:00,-0.307726651
1/14/19 6:00,-0.297285885
1/14/19 7:00,-0.285186231
1/14/19 8:00,-0.284494638
1/14/19 9:00,-0.272141099
1/14/19 10:00,-0.245975807
1/14/19 11:00,-0.230747387
1/14/19 12:00,-0.222002342
1/14/19 13:00,-0.311416984
1/14/19 14:00,-1.42107821
1/14/19 15:00,-4.50958395
1/14/19 16:00,-9.06725121
1/14/19 17:00,-14.8695307
1/14/19 18:00,-22.3285217
1/14/19 19:00,-27.5687027
1/14/19 20:00,-27.3135605
1/14/19 21:00,-21.5769958
1/14/19 22:00,-12.1830692
1/14/19 23:00,-2.84402752
1/15/19 0:00,-0.429465234
1/15/19 1:00,-0.209881842
1/15/19 2:00,-0.184702873
1/15/19 3:00,-0.143776536
1/15/19 4:00,-0.094193496
1/15/19 5:00,-0.086729467
1/15/19 6:00,-0.07675305
1/15/19 7:00,-0.058328528
1/15/19 8:00,-0.04999638
1/15/19 9:00,-0.036107063
1/15/19 10:00,-0.023811154
1/15/19 11:00,-0.029898748
1/15/19 12:00,-0.025841191
1/15/19 13:00,-0.011086074
1/15/19 14:00,-0.940039396
1/15/19 15:00,-8.08052635
1/15/19 16:00,-20.4384632
1/15/19 17:00,-33.8060455
1/15/19 18:00,-47.4173241
1/15/19 19:00,-54.8373489
1/15/19 20:00,-53.6337013
1/15/19 21:00,-42.3403282
1/15/19 22:00,-23.1103916
1/15/19 23:00,-3.68014002
1/16/19 0:00,-0.070799358
1/16/19 1:00,-0.007240473
1/16/19 2:00,-0.002337192
1/16/19 3:00,-0.000686777
1/16/19 4:00,-6.33E-05
1/16/19 5:00,-9.54E-07
1/16/19 6:00,-9.54E-07
1/16/19 7:00,0
1/16/19 8:00,-3.81E-06
1/16/19 9:00,-3.81E-06
1/16/19 10:00,0
1/16/19 11:00,-9.54E-07
1/16/19 12:00,0
1/16/19 13:00,-0.000202925
1/16/19 14:00,-0.046508979
1/16/19 15:00,-5.74237967
1/16/19 16:00,-34.0707016
1/16/19 17:00,-56.2105026
1/16/19 18:00,-75.897377
1/16/19 19:00,-83.636734
1/16/19 20:00,-78.0273056
1/16/19 21:00,-58.9544601
1/16/19 22:00,-30.3484325
1/16/19 23:00,-2.13964367
1/17/19 0:00,-0.073371902
1/17/19 1:00,-0.000948127
1/17/19 2:00,0
1/17/19 3:00,0
1/17/19 4:00,0
1/17/19 5:00,0
1/17/19 6:00,0
1/17/19 7:00,-9.54E-07
1/17/19 8:00,-9.54E-07
1/17/19 9:00,0
1/17/19 10:00,-9.54E-07
1/17/19 11:00,0
1/17/19 12:00,0
1/17/19 13:00,0
1/17/19 14:00,-0.007359422
1/17/19 15:00,-5.55721712
1/17/19 16:00,-27.5154896
1/17/19 17:00,-36.5216255
1/17/19 18:00,-32.759285
1/17/19 19:00,-23.7050076
1/17/19 20:00,-16.6855469
1/17/19 21:00,-8.48335648
1/17/19 22:00,-2.78728628
1/17/19 23:00,-0.513313174
1/18/19 0:00,-0.146308571
1/18/19 1:00,-0.083799467
1/18/19 2:00,-0.064028442
1/18/19 3:00,-0.052778781
1/18/19 4:00,-0.03967087
1/18/19 5:00,-0.032738973
1/18/19 6:00,-0.031403709
1/18/19 7:00,-0.027677869
1/18/19 8:00,-0.020591546
1/18/19 9:00,-0.015539015
1/18/19 10:00,-0.012069281
1/18/19 11:00,-0.00740114
1/18/19 12:00,-0.002346247
1/18/19 13:00,-0.000605114
1/18/19 14:00,-0.139984205
1/18/19 15:00,-2.09448791
1/18/19 16:00,-8.05144215
1/18/19 17:00,-20.4170837
1/18/19 18:00,-40.1520462
1/18/19 19:00,-57.6938667
1/18/19 20:00,-63.8796196
1/18/19 21:00,-51.8975105
1/18/19 22:00,-24.6131191
1/18/19 23:00,-0.889871418
1/19/19 0:00,-0.00021419
1/19/19 1:00,0
1/19/19 2:00,0
1/19/19 3:00,0
1/19/19 4:00,0
1/19/19 5:00,0
1/19/19 6:00,0
1/19/19 7:00,0
1/19/19 8:00,0
1/19/19 9:00,-0.003502297
1/19/19 10:00,-0.008120243
1/19/19 11:00,-0.008934719
1/19/19 12:00,-0.02962321
1/19/19 13:00,-0.134666413
1/19/19 14:00,-2.03227735
1/19/19 15:00,-6.90667057
1/19/19 16:00,-10.2414055
1/19/19 17:00,-11.8004847
1/19/19 18:00,-10.5478458
1/19/19 19:00,-8.06102943
1/19/19 20:00,-6.34586859
1/19/19 21:00,-4.86468458
1/19/19 22:00,-2.46459508
1/19/19 23:00,-0.473515779
1/20/19 0:00,-0.120340571
1/20/19 1:00,-0.062844843
1/20/19 2:00,-0.045737766
1/20/19 3:00,-0.030556403
1/20/19 4:00,-0.02951519
1/20/19 5:00,-0.041146565
1/20/19 6:00,-0.049595576
1/20/19 7:00,-0.056363113
1/20/19 8:00,-0.076199435
1/20/19 9:00,-0.114347428
1/20/19 10:00,-0.145271212
1/20/19 11:00,-0.17969954
1/20/19 12:00,-0.219769061
1/20/19 13:00,-0.362171471
1/20/19 14:00,-1.48635197
1/20/19 15:00,-4.24806499
1/20/19 16:00,-9.20242977
1/20/19 17:00,-16.0273037
1/20/19 18:00,-23.6560612
1/20/19 19:00,-27.9244175
1/20/19 20:00,-26.7588596
1/20/19 21:00,-21.3294983
1/20/19 22:00,-12.4826584
1/20/19 23:00,-3.83929038
1/21/19 0:00,-1.27624691
1/21/19 1:00,-0.541331291
1/21/19 2:00,-0.276001245
1/21/19 3:00,-0.150573403
1/21/19 4:00,-0.080657393
1/21/19 5:00,-0.049169533
1/21/19 6:00,-0.0333113
1/21/19 7:00,-0.022040032
1/21/19 8:00,-0.015693782
1/21/19 9:00,-0.010472043
1/21/19 10:00,-0.006371061
1/21/19 11:00,-0.003229901
1/21/19 12:00,-0.001374142
1/21/19 13:00,-0.000956303
1/21/19 14:00,-0.421410263
1/21/19 15:00,-4.66434622
1/21/19 16:00,-11.5400839
1/21/19 17:00,-20.6783161
1/21/19 18:00,-31.0761833
1/21/19 19:00,-37.3634987
1/21/19 20:00,-37.1779976
1/21/19 21:00,-30.496973
1/21/19 22:00,-17.1625385
1/21/19 23:00,-3.97978735
1/22/19 0:00,-0.237079158
1/22/19 1:00,-0.053511769
1/22/19 2:00,-0.00451724
1/22/19 3:00,-0.000154654
1/22/19 4:00,-0.000279316
1/22/19 5:00,-0.004145266
1/22/19 6:00,-0.021756668
1/22/19 7:00,-0.053140428
1/22/19 8:00,-0.076111361
1/22/19 9:00,-0.086630724
1/22/19 10:00,-0.089393571
1/22/19 11:00,-0.092444569
1/22/19 12:00,-0.092156507
1/22/19 13:00,-0.139488876
1/22/19 14:00,-1.32080722
1/22/19 15:00,-7.76861858
1/22/19 16:00,-20.1623459
1/22/19 17:00,-36.8773575
1/22/19 18:00,-53.9491539
1/22/19 19:00,-60.3459587
1/22/19 20:00,-54.1310349
1/22/19 21:00,-41.0626297
1/22/19 22:00,-23.7337532
1/22/19 23:00,-7.30516815
1/23/19 0:00,-2.66844463
1/23/19 1:00,-2.00565219
1/23/19 2:00,-1.6761235
1/23/19 3:00,-1.43832922
1/23/19 4:00,-1.27082205
1/23/19 5:00,-1.14038408
1/23/19 6:00,-1.04956818
1/23/19 7:00,-0.996777654
1/23/19 8:00,-0.936405361
1/23/19 9:00,-0.927389085
1/23/19 10:00,-0.922821283
1/23/19 11:00,-0.897582173
1/23/19 12:00,-0.884367824
1/23/19 13:00,-1.1778295
1/23/19 14:00,-3.98672485
1/23/19 15:00,-8.61977386
1/23/19 16:00,-13.1540337
1/23/19 17:00,-18.1394291
1/23/19 18:00,-23.4174671
1/23/19 19:00,-26.9439201
1/23/19 20:00,-26.9122047
1/23/19 21:00,-22.0936394
1/23/19 22:00,-13.1212931
1/23/19 23:00,-3.07938743
1/24/19 0:00,-0.781985521
1/24/19 1:00,-0.457722694
1/24/19 2:00,-0.192913443
1/24/19 3:00,-0.046767265
1/24/19 4:00,-0.003644418
1/24/19 5:00,-0.000336936
1/24/19 6:00,-0.000243437
1/24/19 7:00,-0.000227974
1/24/19 8:00,-0.000106354
1/24/19 9:00,-0.000122805
1/24/19 10:00,-0.000551416
1/24/19 11:00,-0.003317518
1/24/19 12:00,-0.008694512
1/24/19 13:00,-0.020321129
1/24/19 14:00,-0.453347385
1/24/19 15:00,-3.75164914
1/24/19 16:00,-13.7550898
1/24/19 17:00,-28.3028336
1/24/19 18:00,-43.1694794
1/24/19 19:00,-51.5103531
1/24/19 20:00,-50.4215775
1/24/19 21:00,-40.2928238
1/24/19 22:00,-23.4641018
1/24/19 23:00,-6.45006084
1/25/19 0:00,-1.03415835
1/25/19 1:00,-0.305632174
1/25/19 2:00,-0.185437322
1/25/19 3:00,-0.13013348
1/25/19 4:00,-0.090918593
1/25/19 5:00,-0.078382544
1/25/19 6:00,-0.0806126
1/25/19 7:00,-0.096869923
1/25/19 8:00,-0.1146231
1/25/19 9:00,-0.130569026
1/25/19 10:00,-0.12981315
1/25/19 11:00,-0.10829448
1/25/19 12:00,-0.075446889
1/25/19 13:00,-0.078750461
1/25/19 14:00,-0.782119036
1/25/19 15:00,-10.0477419
1/25/19 16:00,-25.4860287
1/25/19 17:00,-39.7314186
1/25/19 18:00,-53.5715828
1/25/19 19:00,-59.9001961
1/25/19 20:00,-56.9816399
1/25/19 21:00,-45.3738976
1/25/19 22:00,-25.814415
1/25/19 23:00,-4.11719894
1/26/19 0:00,-0.138368249
1/26/19 1:00,-0.014918126
1/26/19 2:00,-0.001898617
1/26/19 3:00,-0.000155907
1/26/19 4:00,0
1/26/19 5:00,0
1/26/19 6:00,-9.54E-07
1/26/19 7:00,-1.51E-05
1/26/19 8:00,-0.001198138
1/26/19 9:00,-0.003367777
1/26/19 10:00,-0.003428737
1/26/19 11:00,-0.003748437
1/26/19 12:00,-0.005912987
1/26/19 13:00,-0.013026841
1/26/19 14:00,-0.2640917
1/26/19 15:00,-11.4313049
1/26/19 16:00,-35.2490082
1/26/19 17:00,-55.1691933
1/26/19 18:00,-73.0343475
1/26/19 19:00,-79.1008224
1/26/19 20:00,-72.402916
1/26/19 21:00,-57.0837822
1/26/19 22:00,-33.7171288
1/26/19 23:00,-7.92166615
1/27/19 0:00,-0.657002211
1/27/19 1:00,-0.106151588
1/27/19 2:00,-0.025878849
1/27/19 3:00,-0.009135786
1/27/19 4:00,-0.002638487
1/27/19 5:00,-0.000675798
1/27/19 6:00,-0.001620056
1/27/19 7:00,-0.007342064
1/27/19 8:00,-0.015077596
1/27/19 9:00,-0.026695674
1/27/19 10:00,-0.044707038
1/27/19 11:00,-0.054263126
1/27/19 12:00,-0.041720379
1/27/19 13:00,-0.020473745
1/27/19 14:00,-0.288665414
1/27/19 15:00,-13.1296072
1/27/19 16:00,-46.1939926
1/27/19 17:00,-68.2178879
1/27/19 18:00,-85.7937164
1/27/19 19:00,-90.9008865
1/27/19 20:00,-82.740799
1/27/19 21:00,-65.4218216
1/27/19 22:00,-39.5702782
1/27/19 23:00,-9.13531303
1/28/19 0:00,-0.590117395
1/28/19 1:00,-0.066376999
1/28/19 2:00,-0.006206372
1/28/19 3:00,-0.003128298
1/28/19 4:00,-0.00331833
1/28/19 5:00,-0.005949212
1/28/19 6:00,-0.005593906
1/28/19 7:00,-0.004537778
1/28/19 8:00,-0.006486889
1/28/19 9:00,-0.002666887
1/28/19 10:00,-3.81E-06
1/28/19 11:00,-3.81E-06
1/28/19 12:00,0
1/28/19 13:00,0
1/28/19 14:00,-0.008582613
1/28/19 15:00,-7.44700909
1/28/19 16:00,-47.4218674
1/28/19 17:00,-70.683342
1/28/19 18:00,-88.6191864
1/28/19 19:00,-94.2109451
1/28/19 20:00,-86.8912811
1/28/19 21:00,-68.1207047
1/28/19 22:00,-41.2693634
1/28/19 23:00,-12.3902216
1/29/19 0:00,-3.0250895
1/29/19 1:00,-2.13203812
1/29/19 2:00,-1.95336878
1/29/19 3:00,-1.88303089
1/29/19 4:00,-1.69922054
1/29/19 5:00,-1.37575245
1/29/19 6:00,-1.02065051
1/29/19 7:00,-0.729655027
1/29/19 8:00,-0.557056785
1/29/19 9:00,-0.473607272
1/29/19 10:00,-0.500233293
1/29/19 11:00,-0.506575406
1/29/19 12:00,-0.487058967
1/29/19 13:00,-0.667708993
1/29/19 14:00,-2.68309832
1/29/19 15:00,-6.52564812
1/29/19 16:00,-9.2509737
1/29/19 17:00,-11.014842
1/29/19 18:00,-15.2584152
1/29/19 19:00,-20.6155396
1/29/19 20:00,-22.8461781
1/29/19 21:00,-21.2671986
1/29/19 22:00,-13.6811905
1/29/19 23:00,-4.04097128
1/30/19 0:00,-0.628736913
1/30/19 1:00,-0.188759193
1/30/19 2:00,-0.100460596
1/30/19 3:00,-0.058924172
1/30/19 4:00,-0.031102998
1/30/19 5:00,-0.017423306
1/30/19 6:00,-0.008958707
1/30/19 7:00,-0.003988104
1/30/19 8:00,-0.002790512
1/30/19 9:00,-0.002638933
1/30/19 10:00,-0.003054127
1/30/19 11:00,-0.00366869
1/30/19 12:00,-0.004571368
1/30/19 13:00,-0.023199217
1/30/19 14:00,-0.519125879
1/30/19 15:00,-6.98783541
1/30/19 16:00,-16.8414917
1/30/19 17:00,-24.4590492
1/30/19 18:00,-30.9627399
1/30/19 19:00,-33.1352196
1/30/19 20:00,-29.9345036
1/30/19 21:00,-23.5893707
1/30/19 22:00,-14.1125498
1/30/19 23:00,-4.38302088
1/31/19 0:00,-0.7208184
1/31/19 1:00,-0.154786184
1/31/19 2:00,-0.030398462
1/31/19 3:00,-0.006694303
1/31/19 4:00,-0.003458092
1/31/19 5:00,-0.002980045
1/31/19 6:00,-0.003319593
1/31/19 7:00,-0.005063734
1/31/19 8:00,-0.008209487
1/31/19 9:00,-0.01214647
1/31/19 10:00,-0.014777671
1/31/19 11:00,-0.011000906
1/31/19 12:00,-0.005278357
1/31/19 13:00,-0.002667655
1/31/19 14:00,-0.274158686
1/31/19 15:00,-10.1993694
1/31/19 16:00,-22.2311459
1/31/19 17:00,-35.2600555
1/31/19 18:00,-48.4880066
1/31/19 19:00,-55.4691734
1/31/19 20:00,-53.6507225
1/31/19 21:00,-44.6787033
1/31/19 22:00,-27.7677841
1/31/19 23:00,-6.70426846
2/1/19 0:00,-0.226047575
2/1/19 1:00,-0.02701363
2/1/19 2:00,-0.002176376
2/1/19 3:00,-3.10E-05
2/1/19 4:00,-0.00110997
2/1/19 5:00,-0.006079528
2/1/19 6:00,-0.018049132
2/1/19 7:00,-0.057584047
2/1/19 8:00,-0.140548304
2/1/19 9:00,-0.230420783
2/1/19 10:00,-0.308139384
2/1/19 11:00,-0.362051725
2/1/19 12:00,-0.390047401
2/1/19 13:00,-0.46259132
2/1/19 14:00,-1.80569398
2/1/19 15:00,-17.0598392
2/1/19 16:00,-47.5727882
2/1/19 17:00,-68.6729584
2/1/19 18:00,-83.1204453
2/1/19 19:00,-86.8740692
2/1/19 20:00,-78.9774551
2/1/19 21:00,-61.5962334
2/1/19 22:00,-38.2843704
2/1/19 23:00,-7.88048172
2/2/19 0:00,-0.947947621
2/2/19 1:00,-0.298710018
2/2/19 2:00,-0.125712723
2/2/19 3:00,-0.073650323
2/2/19 4:00,-0.038311619
2/2/19 5:00,-0.02056092
2/2/19 6:00,-0.013001991
2/2/19 7:00,-0.006868017
2/2/19 8:00,-0.004286778
2/2/19 9:00,-0.002453533
2/2/19 10:00,-0.000973141
2/2/19 11:00,-0.000592439
2/2/19 12:00,-0.000774851
2/2/19 13:00,-0.000531737
2/2/19 14:00,-0.024239488
2/2/19 15:00,-6.57403994
2/2/19 16:00,-62.0417442
2/2/19 17:00,-95.1553879
2/2/19 18:00,-115.886734
2/2/19 19:00,-123.681938
2/2/19 20:00,-113.979767
2/2/19 21:00,-88.7837601
2/2/19 22:00,-52.6889534
2/2/19 23:00,-7.17918062
2/3/19 0:00,-0.215358958
2/3/19 1:00,-9.59E-05
2/3/19 2:00,0
2/3/19 3:00,-9.54E-07
2/3/19 4:00,0
2/3/19 5:00,0
2/3/19 6:00,-0.000218185
2/3/19 7:00,-0.000357951
2/3/19 8:00,-0.000155187
2/3/19 9:00,-0.000202541
2/3/19 10:00,-0.000108462
2/3/19 11:00,0
2/3/19 12:00,-4.63E-05
2/3/19 13:00,-0.000355282
2/3/19 14:00,-0.008341918
2/3/19 15:00,-0.844415367
2/3/19 16:00,-29.2924652
2/3/19 17:00,-54.8542557
2/3/19 18:00,-72.7493134
2/3/19 19:00,-84.3593597
2/3/19 20:00,-81.4736633
2/3/19 21:00,-65.1902618
2/3/19 22:00,-35.7788315
2/3/19 23:00,-3.96011829
2/4/19 0:00,-0.012685048
2/4/19 1:00,0
2/4/19 2:00,0
2/4/19 3:00,-9.54E-07
2/4/19 4:00,0
2/4/19 5:00,-9.54E-07
2/4/19 6:00,0
2/4/19 7:00,0
2/4/19 8:00,0
2/4/19 9:00,-4.77E-07
2/4/19 10:00,-4.77E-07
2/4/19 11:00,-9.54E-07
2/4/19 12:00,0
2/4/19 13:00,-0.000108482
2/4/19 14:00,-0.010872984
2/4/19 15:00,-2.59745502
2/4/19 16:00,-52.4488373
2/4/19 17:00,-94.4896927
2/4/19 18:00,-112.944893
2/4/19 19:00,-116.609398
2/4/19 20:00,-105.415756
2/4/19 21:00,-74.5808411
2/4/19 22:00,-34.4761734
2/4/19 23:00,-3.71882176
2/5/19 0:00,-0.04093153
2/5/19 1:00,-0.00097478
2/5/19 2:00,0
2/5/19 3:00,0
2/5/19 4:00,0
2/5/19 5:00,0
2/5/19 6:00,0
2/5/19 7:00,0
2/5/19 8:00,-0.002724745
2/5/19 9:00,-0.016198643
2/5/19 10:00,-0.025820788
2/5/19 11:00,-0.027751418
2/5/19 12:00,-0.023898346
2/5/19 13:00,-0.035095006
2/5/19 14:00,-0.358721584
2/5/19 15:00,-10.5942898
2/5/19 16:00,-62.7241287
2/5/19 17:00,-100.559639
2/5/19 18:00,-129.993195
2/5/19 19:00,-144.658646
2/5/19 20:00,-138.127838
2/5/19 21:00,-102.3414
2/5/19 22:00,-44.922348
2/5/19 23:00,-2.48678303
2/6/19 0:00,-0.003020717
2/6/19 1:00,0
2/6/19 2:00,0
2/6/19 3:00,0
2/6/19 4:00,0
2/6/19 5:00,0
2/6/19 6:00,0
2/6/19 7:00,0
2/6/19 8:00,-9.54E-07
2/6/19 9:00,0
2/6/19 10:00,0
2/6/19 11:00,0
2/6/19 12:00,0
2/6/19 13:00,-0.000123334
2/6/19 14:00,-0.0348229
2/6/19 15:00,-1.23573434
2/6/19 16:00,-13.3762255
2/6/19 17:00,-26.6048527
2/6/19 18:00,-45.5967178
2/6/19 19:00,-62.0605698
2/6/19 20:00,-65.6840134
2/6/19 21:00,-57.3089867
2/6/19 22:00,-34.7497406
2/6/19 23:00,-7.49578857
2/7/19 0:00,-0.22477679
2/7/19 1:00,-0.017693017
2/7/19 2:00,-0.001949659
2/7/19 3:00,-0.000322136
2/7/19 4:00,-6.14E-05
2/7/19 5:00,-0.000199497
2/7/19 6:00,-0.000691405
2/7/19 7:00,-0.002535538
2/7/19 8:00,-0.003880285
2/7/19 9:00,-0.004406426
2/7/19 10:00,-0.005243903
2/7/19 11:00,-0.005243232
2/7/19 12:00,-0.004386738
2/7/19 13:00,-0.017393876
2/7/19 14:00,-0.596785486
2/7/19 15:00,-9.99013138
2/7/19 16:00,-35.9151306
2/7/19 17:00,-64.7130432
2/7/19 18:00,-98.4504242
2/7/19 19:00,-123.081383
2/7/19 20:00,-126.34008
2/7/19 21:00,-108.581894
2/7/19 22:00,-69.5696182
2/7/19 23:00,-20.5889149
2/8/19 0:00,-1.42966616
2/8/19 1:00,-0.390649706
2/8/19 2:00,-0.276360065
2/8/19 3:00,-0.308857977
2/8/19 4:00,-0.329548925
2/8/19 5:00,-0.186034799
2/8/19 6:00,-0.22410126
2/8/19 7:00,-0.30874449
2/8/19 8:00,-0.323651135
2/8/19 9:00,-0.370337009
2/8/19 10:00,-0.614729822
2/8/19 11:00,-0.957552612
2/8/19 12:00,-1.27462423
2/8/19 13:00,-2.19561195
2/8/19 14:00,-8.21482658
2/8/19 15:00,-22.9259815
2/8/19 16:00,-46.1860428
2/8/19 17:00,-69.5271149
2/8/19 18:00,-86.8257065
2/8/19 19:00,-93.3822784
2/8/19 20:00,-88.7043228
2/8/19 21:00,-75.2075729
2/8/19 22:00,-50.303669
2/8/19 23:00,-17.7865181
2/9/19 0:00,-3.77711558
2/9/19 1:00,-2.074471
2/9/19 2:00,-1.60090029
2/9/19 3:00,-1.40929198
2/9/19 4:00,-1.23336887
2/9/19 5:00,-1.07898045
2/9/19 6:00,-1.01367438
2/9/19 7:00,-0.993683875
2/9/19 8:00,-0.885621846
2/9/19 9:00,-0.879859388
2/9/19 10:00,-1.10672355
2/9/19 11:00,-1.32089305
2/9/19 12:00,-1.36632848
2/9/19 13:00,-1.8837024
2/9/19 14:00,-10.4917974
2/9/19 15:00,-29.9226036
2/9/19 16:00,-47.5828247
2/9/19 17:00,-64.8006516
2/9/19 18:00,-82.645752
2/9/19 19:00,-91.8459091
2/9/19 20:00,-86.5016708
2/9/19 21:00,-73.8091888
2/9/19 22:00,-49.5008698
2/9/19 23:00,-18.1183796
2/10/19 0:00,-2.16602898
2/10/19 1:00,-0.596832633
2/10/19 2:00,-0.219181955
2/10/19 3:00,-0.120441817
2/10/19 4:00,-0.119201779
2/10/19 5:00,-0.190542191
2/10/19 6:00,-0.354842126
2/10/19 7:00,-0.606044173
2/10/19 8:00,-0.78586179
2/10/19 9:00,-0.977592051
2/10/19 10:00,-1.17954874
2/10/19 11:00,-1.25998902
2/10/19 12:00,-1.42751074
2/10/19 13:00,-2.22087121
2/10/19 14:00,-6.22635984
2/10/19 15:00,-12.8324423
2/10/19 16:00,-17.1403446
2/10/19 17:00,-16.7083836
2/10/19 18:00,-13.4289913
2/10/19 19:00,-10.3994112
2/10/19 20:00,-8.25516319
2/10/19 21:00,-6.5080719
2/10/19 22:00,-4.54376221
2/10/19 23:00,-2.2263186
2/11/19 0:00,-1.04730499
2/11/19 1:00,-0.881865561
2/11/19 2:00,-0.809846222
2/11/19 3:00,-0.70611012
2/11/19 4:00,-0.635578513
2/11/19 5:00,-0.536905825
2/11/19 6:00,-0.427591681
2/11/19 7:00,-0.347673118
2/11/19 8:00,-0.259845316
2/11/19 9:00,-0.153640345
2/11/19 10:00,-0.090563305
2/11/19 11:00,-0.083247677
2/11/19 12:00,-0.091777556
2/11/19 13:00,-0.160656139
2/11/19 14:00,-0.863352239
2/11/19 15:00,-2.99225497
2/11/19 16:00,-8.70595169
2/11/19 17:00,-19.0016842
2/11/19 18:00,-32.799778
2/11/19 19:00,-43.456604
2/11/19 20:00,-45.6145439
2/11/19 21:00,-36.1355591
2/11/19 22:00,-21.8515739
2/11/19 23:00,-6.81029701
2/12/19 0:00,-0.531893194
2/12/19 1:00,-0.16671586
2/12/19 2:00,-0.065767936
2/12/19 3:00,-0.038745131
2/12/19 4:00,-0.014865459
2/12/19 5:00,-0.016853847
2/12/19 6:00,-0.021423236
2/12/19 7:00,-0.017090058
2/12/19 8:00,-0.015331481
2/12/19 9:00,-0.018510718
2/12/19 10:00,-0.01854378
2/12/19 11:00,-0.017920397
2/12/19 12:00,-0.020741455
2/12/19 13:00,-0.033593398
2/12/19 14:00,-0.251961499
2/12/19 15:00,-2.28021049
2/12/19 16:00,-5.92900181
2/12/19 17:00,-9.93604755
2/12/19 18:00,-10.9046192
2/12/19 19:00,-10.5561123
2/12/19 20:00,-9.80187702
2/12/19 21:00,-6.22928286
2/12/19 22:00,-3.14117742
2/12/19 23:00,-1.17745411
2/13/19 0:00,-0.447326362
2/13/19 1:00,-0.459383339
2/13/19 2:00,-0.576263666
2/13/19 3:00,-0.636425853
2/13/19 4:00,-0.655808389
2/13/19 5:00,-0.832341731
2/13/19 6:00,-0.953729093
2/13/19 7:00,-0.879214644
2/13/19 8:00,-0.841017008
2/13/19 9:00,-0.692405105
2/13/19 10:00,-0.467497647
2/13/19 11:00,-0.410163939
2/13/19 12:00,-0.401445866
2/13/19 13:00,-0.947894156
2/13/19 14:00,-5.94584465
2/13/19 15:00,-18.3678436
2/13/19 16:00,-38.4869461
2/13/19 17:00,-62.5067711
2/13/19 18:00,-83.4797058
2/13/19 19:00,-93.2016678
2/13/19 20:00,-90.729454
2/13/19 21:00,-78.8181915
2/13/19 22:00,-54.1668243
2/13/19 23:00,-20.9321117
2/14/19 0:00,-2.60754132
2/14/19 1:00,-0.724351585
2/14/19 2:00,-0.245907903
2/14/19 3:00,-0.095868997
2/14/19 4:00,-0.035949331
2/14/19 5:00,-0.009912995
2/14/19 6:00,-0.001270098
2/14/19 7:00,-6.12E-05
2/14/19 8:00,-0.000426085
2/14/19 9:00,-0.001538401
2/14/19 10:00,-0.003437303
2/14/19 11:00,-0.005592559
2/14/19 12:00,-0.007731855
2/14/19 13:00,-0.017568993
2/14/19 14:00,-0.718133509
2/14/19 15:00,-26.7421055
2/14/19 16:00,-86.4219208
2/14/19 17:00,-116.167107
2/14/19 18:00,-135.029663
2/14/19 19:00,-139.025574
2/14/19 20:00,-127.601311
2/14/19 21:00,-108.014534
2/14/19 22:00,-76.7422485
2/14/19 23:00,-32.5254021
2/15/19 0:00,-7.74549675
2/15/19 1:00,-5.06434059
2/15/19 2:00,-4.41200304
2/15/19 3:00,-4.26234865
2/15/19 4:00,-3.83913827
2/15/19 5:00,-3.34190083
2/15/19 6:00,-3.19870853
2/15/19 7:00,-3.13486671
2/15/19 8:00,-2.69427586
2/15/19 9:00,-2.40801263
2/15/19 10:00,-2.23588729
2/15/19 11:00,-1.65381277
2/15/19 12:00,-1.04809713
2/15/19 13:00,-1.39825594
2/15/19 14:00,-9.23184204
2/15/19 15:00,-27.5679283
2/15/19 16:00,-43.0690193
2/15/19 17:00,-55.6683578
2/15/19 18:00,-67.1569366
2/15/19 19:00,-73.4978638
2/15/19 20:00,-69.2755814
2/15/19 21:00,-59.554409
2/15/19 22:00,-39.4783592
2/15/19 23:00,-12.586668
2/16/19 0:00,-0.690311491
2/16/19 1:00,-0.060924187
2/16/19 2:00,-0.005247345
2/16/19 3:00,-0.005795119
2/16/19 4:00,-0.00374468
2/16/19 5:00,-0.001828219
2/16/19 6:00,-0.000867757
2/16/19 7:00,-0.000654254
2/16/19 8:00,-0.000713704
2/16/19 9:00,-0.001185082
2/16/19 10:00,-0.002645744
2/16/19 11:00,-0.005479036
2/16/19 12:00,-0.010277543
2/16/19 13:00,-0.024871478
2/16/19 14:00,-0.201736271
2/16/19 15:00,-1.92049515
2/16/19 16:00,-10.1400843
2/16/19 17:00,-27.0893211
2/16/19 18:00,-50.8188248
2/16/19 19:00,-70.3864059
2/16/19 20:00,-75.3362503
2/16/19 21:00,-65.5321732
2/16/19 22:00,-43.8358612
2/16/19 23:00,-15.2565165
2/17/19 0:00,-1.01616657
2/17/19 1:00,-0.470106363
2/17/19 2:00,-0.418579459
2/17/19 3:00,-0.462753862
2/17/19 4:00,-0.489851952
2/17/19 5:00,-0.537080884
2/17/19 6:00,-0.602660239
2/17/19 7:00,-0.596443772
2/17/19 8:00,-0.602898896
2/17/19 9:00,-0.624748349
2/17/19 10:00,-0.647043288
2/17/19 11:00,-0.676191032
2/17/19 12:00,-0.723009169
2/17/19 13:00,-1.21344519
2/17/19 14:00,-2.62795401
2/17/19 15:00,-4.37192726
2/17/19 16:00,-6.68811035
2/17/19 17:00,-9.5512867
2/17/19 18:00,-13.6076832
2/17/19 19:00,-16.1676197
2/17/19 20:00,-15.5286064
2/17/19 21:00,-12.7165155
2/17/19 22:00,-7.31715631
2/17/19 23:00,-2.04369211
2/18/19 0:00,-0.414140016
2/18/19 1:00,-0.224705964
2/18/19 2:00,-0.138500631
2/18/19 3:00,-0.12232922
2/18/19 4:00,-0.048901249
2/18/19 5:00,-0.006414872
2/18/19 6:00,-0.001997457
2/18/19 7:00,-0.001954889
2/18/19 8:00,-0.004277813
2/18/19 9:00,-0.007930215
2/18/19 10:00,-0.015720811
2/18/19 11:00,-0.036951006
2/18/19 12:00,-0.062060796
2/18/19 13:00,-0.204156041
2/18/19 14:00,-1.46355796
2/18/19 15:00,-7.48758173
2/18/19 16:00,-26.3305855
2/18/19 17:00,-57.3455811
2/18/19 18:00,-88.0281525
2/18/19 19:00,-104.628021
2/18/19 20:00,-104.686371
2/18/19 21:00,-91.8118591
2/18/19 22:00,-64.2475739
2/18/19 23:00,-24.7719955
2/19/19 0:00,-4.03407526
2/19/19 1:00,-1.59985352
2/19/19 2:00,-0.699690402
2/19/19 3:00,-0.334596545
2/19/19 4:00,-0.156226873
2/19/19 5:00,-0.080329798
2/19/19 6:00,-0.105949149
2/19/19 7:00,-0.207774863
2/19/19 8:00,-0.37503171
2/19/19 9:00,-0.690488875
2/19/19 10:00,-1.12416458
2/19/19 11:00,-1.29212391
2/19/19 12:00,-1.29133034
2/19/19 13:00,-1.4968667
2/19/19 14:00,-3.31335878
2/19/19 15:00,-12.5770178
2/19/19 16:00,-20.7976189
2/19/19 17:00,-27.1859989
2/19/19 18:00,-31.5436172
2/19/19 19:00,-31.0737724
2/19/19 20:00,-24.8629208
2/19/19 21:00,-16.7474728
2/19/19 22:00,-8.45042515
2/19/19 23:00,-2.16528273
2/20/19 0:00,-0.222092509
2/20/19 1:00,-0.07392323
2/20/19 2:00,-0.050016422
2/20/19 3:00,-0.058901936
2/20/19 4:00,-0.072516568
2/20/19 5:00,-0.088873215
2/20/19 6:00,-0.115490451
2/20/19 7:00,-0.145728245
2/20/19 8:00,-0.178908676
2/20/19 9:00,-0.214072511
2/20/19 10:00,-0.253711849
2/20/19 11:00,-0.294490188
2/20/19 12:00,-0.360451072
2/20/19 13:00,-0.601601124
2/20/19 14:00,-1.39237976
2/20/19 15:00,-2.72934723
2/20/19 16:00,-4.80351686
2/20/19 17:00,-7.28029108
2/20/19 18:00,-10.6487055
2/20/19 19:00,-12.9132071
2/20/19 20:00,-11.9180088
2/20/19 21:00,-9.80018044
2/20/19 22:00,-6.64613342
2/20/19 23:00,-2.48250008
2/21/19 0:00,-0.370318651
2/21/19 1:00,-0.155917645
2/21/19 2:00,-0.088056348
2/21/19 3:00,-0.079955153
2/21/19 4:00,-0.075005084
2/21/19 5:00,-0.057520181
2/21/19 6:00,-0.037623711
2/21/19 7:00,-0.02537295
2/21/19 8:00,-0.020732865
2/21/19 9:00,-0.023329357
2/21/19 10:00,-0.027088659
2/21/19 11:00,-0.022930909
2/21/19 12:00,-0.024292909
2/21/19 13:00,-0.034911357
2/21/19 14:00,-0.722447395
2/21/19 15:00,-2.43302608
2/21/19 16:00,-7.424119
2/21/19 17:00,-16.1338387
2/21/19 18:00,-26.7683926
2/21/19 19:00,-35.2442322
2/21/19 20:00,-37.7111969
2/21/19 21:00,-31.9382229
2/21/19 22:00,-20.3134785
2/21/19 23:00,-5.49219513
2/22/19 0:00,-0.151568651
2/22/19 1:00,-0.001837187
2/22/19 2:00,-3.81E-06
2/22/19 3:00,-0.000275486
2/22/19 4:00,-0.000182836
2/22/19 5:00,0
2/22/19 6:00,-0.001994483
2/22/19 7:00,-0.012169278
2/22/19 8:00,-0.037113644
2/22/19 9:00,-0.074754857
2/22/19 10:00,-0.068926007
2/22/19 11:00,-0.049507018
2/22/19 12:00,-0.036284924
2/22/19 13:00,-0.103622079
2/22/19 14:00,-0.725584984
2/22/19 15:00,-1.4986918
2/22/19 16:00,-2.54203343
2/22/19 17:00,-3.94031096
2/22/19 18:00,-5.48237228
2/22/19 19:00,-6.50883055
2/22/19 20:00,-6.45760345
2/22/19 21:00,-6.00951624
2/22/19 22:00,-4.31394196
2/22/19 23:00,-1.79019511
2/23/19 0:00,-0.426191896
2/23/19 1:00,-0.288359791
2/23/19 2:00,-0.274270356
2/23/19 3:00,-0.250941575
2/23/19 4:00,-0.181028724
2/23/19 5:00,-0.120604612
2/23/19 6:00,-0.091046281
2/23/19 7:00,-0.087752946
2/23/19 8:00,-0.085161679
2/23/19 9:00,-0.078929208
2/23/19 10:00,-0.083540872
2/23/19 11:00,-0.103047505
2/23/19 12:00,-0.128767505
2/23/19 13:00,-0.344632149
2/23/19 14:00,-1.03780317
2/23/19 15:00,-2.29663491
2/23/19 16:00,-4.49401712
2/23/19 17:00,-7.60429049
2/23/19 18:00,-13.3217726
2/23/19 19:00,-19.8541832
2/23/19 20:00,-22.8083515
2/23/19 21:00,-22.0359135
2/23/19 22:00,-16.6283436
2/23/19 23:00,-7.11958599
2/24/19 0:00,-0.864359975
2/24/19 1:00,-0.334941566
2/24/19 2:00,-0.170232713
2/24/19 3:00,-0.105327733
2/24/19 4:00,-0.064581484
2/24/19 5:00,-0.043834094
2/24/19 6:00,-0.042359285
2/24/19 7:00,-0.03840524
2/24/19 8:00,-0.025149463
2/24/19 9:00,-0.02003148
2/24/19 10:00,-0.034767386
2/24/19 11:00,-0.078038588
2/24/19 12:00,-0.111027569
2/24/19 13:00,-0.466158062
2/24/19 14:00,-3.86774969
2/24/19 15:00,-19.2013912
2/24/19 16:00,-55.2292557
2/24/19 17:00,-96.2239685
2/24/19 18:00,-117.794106
2/24/19 19:00,-118.706352
2/24/19 20:00,-108.23246
2/24/19 21:00,-90.8653946
2/24/19 22:00,-63.8000832
2/24/19 23:00,-30.9728985
2/25/19 0:00,-7.32025051
2/25/19 1:00,-3.26116276
2/25/19 2:00,-2.22313452
2/25/19 3:00,-1.6850636
2/25/19 4:00,-1.27547944
2/25/19 5:00,-1.06927097
2/25/19 6:00,-0.904820263
2/25/19 7:00,-0.769855618
2/25/19 8:00,-0.688480854
2/25/19 9:00,-0.617702425
2/25/19 10:00,-0.553925693
2/25/19 11:00,-0.507988393
2/25/19 12:00,-0.466209978
2/25/19 13:00,-1.27337074
2/25/19 14:00,-9.04520512
2/25/19 15:00,-43.5319061
2/25/19 16:00,-75.4163971
2/25/19 17:00,-101.404869
2/25/19 18:00,-121.151939
2/25/19 19:00,-129.816101
2/25/19 20:00,-125.545578
2/25/19 21:00,-110.199532
2/25/19 22:00,-80.3117752
2/25/19 23:00,-31.6103344
2/26/19 0:00,-1.23242509
2/26/19 1:00,-0.206280306
2/26/19 2:00,-0.063385695
2/26/19 3:00,-0.033015542
2/26/19 4:00,-0.026669772
2/26/19 5:00,-0.028472025
2/26/19 6:00,-0.042351745
2/26/19 7:00,-0.076141089
2/26/19 8:00,-0.113743298
2/26/19 9:00,-0.179346144
2/26/19 10:00,-0.317837566
2/26/19 11:00,-0.48574689
2/26/19 12:00,-0.664185345
2/26/19 13:00,-1.23290086
2/26/19 14:00,-13.2869415
2/26/19 15:00,-58.9593124
2/26/19 16:00,-96.4593048
2/26/19 17:00,-121.249542
2/26/19 18:00,-139.754028
2/26/19 19:00,-145.136063
2/26/19 20:00,-134.142914
2/26/19 21:00,-112.451057
2/26/19 22:00,-79.290062
2/26/19 23:00,-32.0344734
2/27/19 0:00,-2.51305938
2/27/19 1:00,-0.394652545
2/27/19 2:00,-0.050184131
2/27/19 3:00,-0.012121783
2/27/19 4:00,-0.012015438
2/27/19 5:00,-0.004646071
2/27/19 6:00,-0.002878505
2/27/19 7:00,-0.003201911
2/27/19 8:00,-0.003088628
2/27/19 9:00,-0.002078796
2/27/19 10:00,-0.001966874
2/27/19 11:00,-0.002689294
2/27/19 12:00,-0.002059098
2/27/19 13:00,-0.003700705
2/27/19 14:00,-1.62326419
2/27/19 15:00,-24.7245731
2/27/19 16:00,-51.9450531
2/27/19 17:00,-74.8836365
2/27/19 18:00,-97.0015869
2/27/19 19:00,-109.469696
2/27/19 20:00,-105.512199
2/27/19 21:00,-90.7808075
2/27/19 22:00,-63.7314949
2/27/19 23:00,-24.2834377
2/28/19 0:00,-0.705583632
2/28/19 1:00,-0.010511867
2/28/19 2:00,0
2/28/19 3:00,-0.000137399
2/28/19 4:00,-0.003097194
2/28/19 5:00,-0.001469625
2/28/19 6:00,-7.57E-05
2/28/19 7:00,-3.81E-06
2/28/19 8:00,-3.47E-05
2/28/19 9:00,-0.00155153
2/28/19 10:00,-0.002302342
2/28/19 11:00,-0.000246851
2/28/19 12:00,-0.000546126
2/28/19 13:00,-0.033148576
2/28/19 14:00,-2.07817793
2/28/19 15:00,-28.4358139
2/28/19 16:00,-44.3392487
2/28/19 17:00,-52.6233177
2/28/19 18:00,-49.8362389
2/28/19 19:00,-41.4733429
2/28/19 20:00,-33.6135521
2/28/19 21:00,-23.6763706
2/28/19 22:00,-13.9415417
2/28/19 23:00,-5.20137787
3/1/19 0:00,-0.371694118
3/1/19 1:00,-0.005625704
3/1/19 2:00,-0.002639242
3/1/19 3:00,-0.004086055
3/1/19 4:00,-0.001863888
3/1/19 5:00,-0.000675493
3/1/19 6:00,-0.00059408
3/1/19 7:00,-0.000638047
3/1/19 8:00,-0.000122684
3/1/19 9:00,-7.68E-05
3/1/19 10:00,-7.68E-05
3/1/19 11:00,-9.31E-05
3/1/19 12:00,-0.001597677
3/1/19 13:00,-0.007826271
3/1/19 14:00,-0.153459206
3/1/19 15:00,-2.4175334
3/1/19 16:00,-5.6806016
3/1/19 17:00,-10.5485067
3/1/19 18:00,-18.2971039
3/1/19 19:00,-26.9314671
3/1/19 20:00,-31.0697765
3/1/19 21:00,-28.4421768
3/1/19 22:00,-18.4706974
3/1/19 23:00,-8.75159645
3/2/19 0:00,-1.33696628
3/2/19 1:00,-0.049704272
3/2/19 2:00,-0.000602516
3/2/19 3:00,-9.54E-07
3/2/19 4:00,-4.77E-07
3/2/19 5:00,-9.27E-05
3/2/19 6:00,-0.00046372
3/2/19 7:00,-0.000772773
3/2/19 8:00,-0.001267217
3/2/19 9:00,-0.002936113
3/2/19 10:00,-0.00443597
3/2/19 11:00,-0.003539016
3/2/19 12:00,-0.002163627
3/2/19 13:00,-0.066705905
3/2/19 14:00,-2.61577916
3/2/19 15:00,-17.5929947
3/2/19 16:00,-44.0859222
3/2/19 17:00,-81.230545
3/2/19 18:00,-115.011848
3/2/19 19:00,-129.316742
3/2/19 20:00,-121.621002
3/2/19 21:00,-97.9404755
3/2/19 22:00,-59.1885643
3/2/19 23:00,-26.9677296
3/3/19 0:00,-2.08799124
3/3/19 1:00,-0.091578782
3/3/19 2:00,-0.038020104
3/3/19 3:00,-0.039419033
3/3/19 4:00,-0.02337675
3/3/19 5:00,-0.005808948
3/3/19 6:00,-0.000929477
3/3/19 7:00,-0.001073748
3/3/19 8:00,-0.002612264
3/3/19 9:00,-0.006148213
3/3/19 10:00,-0.006864325
3/3/19 11:00,-0.0038297
3/3/19 12:00,-0.006129589
3/3/19 13:00,-0.215692639
3/3/19 14:00,-4.79236364
3/3/19 15:00,-20.4738731
3/3/19 16:00,-34.6153259
3/3/19 17:00,-43.1373444
3/3/19 18:00,-44.3079071
3/3/19 19:00,-36.5365868
3/3/19 20:00,-22.5198498
3/3/19 21:00,-10.3175735
3/3/19 22:00,-3.98667455
3/3/19 23:00,-1.42865956
3/4/19 0:00,-0.170493975
3/4/19 1:00,-0.073596232
3/4/19 2:00,-0.088302463
3/4/19 3:00,-0.078796893
3/4/19 4:00,-0.068340421
3/4/19 5:00,-0.080821291
3/4/19 6:00,-0.091011703
3/4/19 7:00,-0.09467788
3/4/19 8:00,-0.105695851
3/4/19 9:00,-0.11104311
3/4/19 10:00,-0.113968953
3/4/19 11:00,-0.122664735
3/4/19 12:00,-0.12728925
3/4/19 13:00,-0.363477737
3/4/19 14:00,-1.93460119
3/4/19 15:00,-7.04896975
3/4/19 16:00,-18.1834049
3/4/19 17:00,-34.3447304
3/4/19 18:00,-49.4220924
3/4/19 19:00,-56.2676811
3/4/19 20:00,-52.7820091
3/4/19 21:00,-42.8505173
3/4/19 22:00,-25.4320335
3/4/19 23:00,-12.6193953
3/5/19 0:00,-3.69241071
3/5/19 1:00,-0.847239494
3/5/19 2:00,-0.5420807
3/5/19 3:00,-0.478456587
3/5/19 4:00,-0.472677708
3/5/19 5:00,-0.453819036
3/5/19 6:00,-0.473998994
3/5/19 7:00,-0.549821734
3/5/19 8:00,-0.60725522
3/5/19 9:00,-0.51226002
3/5/19 10:00,-0.34842667
3/5/19 11:00,-0.336209893
3/5/19 12:00,-0.298471302
3/5/19 13:00,-1.02732241
3/5/19 14:00,-6.48210955
3/5/19 15:00,-17.6636314
3/5/19 16:00,-33.5440598
3/5/19 17:00,-49.579689
3/5/19 18:00,-63.0163383
3/5/19 19:00,-67.3745499
3/5/19 20:00,-60.4663849
3/5/19 21:00,-46.6572762
3/5/19 22:00,-25.5576382
3/5/19 23:00,-11.4587021
3/6/19 0:00,-3.37807941
3/6/19 1:00,-1.01740861
3/6/19 2:00,-0.688368261
3/6/19 3:00,-0.559273958
3/6/19 4:00,-0.426234066
3/6/19 5:00,-0.31543389
3/6/19 6:00,-0.230416745
3/6/19 7:00,-0.155728266
3/6/19 8:00,-0.098700799
3/6/19 9:00,-0.053883862
3/6/19 10:00,-0.022737702
3/6/19 11:00,-0.01134812
3/6/19 12:00,-0.006811699
3/6/19 13:00,-0.10146369
3/6/19 14:00,-2.66194892
3/6/19 15:00,-9.65332985
3/6/19 16:00,-20.49893
3/6/19 17:00,-33.746048
3/6/19 18:00,-47.7019234
3/6/19 19:00,-55.4494209
3/6/19 20:00,-53.2777481
3/6/19 21:00,-43.5824738
3/6/19 22:00,-24.4163971
3/6/19 23:00,-10.4172583
3/7/19 0:00,-2.30482888
3/7/19 1:00,-0.187549159
3/7/19 2:00,-0.036580376
3/7/19 3:00,-0.013808812
3/7/19 4:00,-0.004195801
3/7/19 5:00,-0.000920396
3/7/19 6:00,-0.0002342
3/7/19 7:00,-0.000187341
3/7/19 8:00,-6.44E-05
3/7/19 9:00,-0.000140518
3/7/19 10:00,-7.81E-05
3/7/19 11:00,-0.00013845
3/7/19 12:00,-0.001644383
3/7/19 13:00,-0.124706164
3/7/19 14:00,-10.665102
3/7/19 15:00,-37.196064
3/7/19 16:00,-68.5783844
3/7/19 17:00,-94.3850937
3/7/19 18:00,-108.819901
3/7/19 19:00,-110.386505
3/7/19 20:00,-101.916122
3/7/19 21:00,-77.8223343
3/7/19 22:00,-45.279129
3/7/19 23:00,-24.6452866
3/8/19 0:00,-9.46210003
3/8/19 1:00,-4.04819727
3/8/19 2:00,-2.41237855
3/8/19 3:00,-1.9080503
3/8/19 4:00,-2.140522
3/8/19 5:00,-2.61416221
3/8/19 6:00,-3.18115997
3/8/19 7:00,-3.58017087
3/8/19 8:00,-3.71196842
3/8/19 9:00,-3.73302579
3/8/19 10:00,-3.68840098
3/8/19 11:00,-3.69724631
3/8/19 12:00,-4.00928926
3/8/19 13:00,-6.32864285
3/8/19 14:00,-10.5159817
3/8/19 15:00,-16.2438946
3/8/19 16:00,-19.1985054
3/8/19 17:00,-18.1348801
3/8/19 18:00,-15.5786247
3/8/19 19:00,-12.8697748
3/8/19 20:00,-9.37922573
3/8/19 21:00,-6.27413702
3/8/19 22:00,-3.51018357
3/8/19 23:00,-1.489555
3/9/19 0:00,-0.263910502
3/9/19 1:00,-0.031378835
3/9/19 2:00,-0.012396106
3/9/19 3:00,-0.010884268
3/9/19 4:00,-0.008290375
3/9/19 5:00,-0.006934471
3/9/19 6:00,-0.008581848
3/9/19 7:00,-0.011309764
3/9/19 8:00,-0.013867031
3/9/19 9:00,-0.016651057
3/9/19 10:00,-0.018259106
3/9/19 11:00,-0.017544778
3/9/19 12:00,-0.019199561
3/9/19 13:00,-0.054143034
3/9/19 14:00,-0.472754061
3/9/19 15:00,-3.14475608
3/9/19 16:00,-11.3908806
3/9/19 17:00,-26.9411221
3/9/19 18:00,-52.3679314
3/9/19 19:00,-75.0218811
3/9/19 20:00,-78.7120132
3/9/19 21:00,-68.3085022
3/9/19 22:00,-41.5036163
3/9/19 23:00,-17.4661827
3/10/19 0:00,-3.23678064
3/10/19 1:00,-0.555943847
3/10/19 2:00,-0.264938623
3/10/19 3:00,-0.129890844
3/10/19 4:00,-0.059494127
3/10/19 5:00,-0.046229921
3/10/19 6:00,-0.0430036
3/10/19 7:00,-0.039468441
3/10/19 8:00,-0.03000926
3/10/19 9:00,-0.031237312
3/10/19 10:00,-0.015423706
3/10/19 11:00,-0.007513314
3/10/19 12:00,-0.002508268
3/10/19 13:00,-0.094181404
3/10/19 14:00,-2.21642184
3/10/19 15:00,-13.9889975
3/10/19 16:00,-43.6542549
3/10/19 17:00,-90.1591568
3/10/19 18:00,-129.412872
3/10/19 19:00,-144.300827
3/10/19 20:00,-138.269867
3/10/19 21:00,-116.228271
3/10/19 22:00,-73.3540955
3/10/19 23:00,-37.5617867
3/11/19 0:00,-4.62823725
3/11/19 1:00,-0.05337641
3/11/19 2:00,-0.023473702
3/11/19 3:00,-0.108801439
3/11/19 4:00,-0.209682658
3/11/19 5:00,-0.249859437
3/11/19 6:00,-0.273049802
3/11/19 7:00,-0.263689458
3/11/19 8:00,-0.224586532
3/11/19 9:00,-0.199042812
3/11/19 10:00,-0.201130971
3/11/19 11:00,-0.222495854
3/11/19 12:00,-0.327671111
3/11/19 13:00,-1.44664335
3/11/19 14:00,-16.6433392
3/11/19 15:00,-64.5804291
3/11/19 16:00,-95.9680939
3/11/19 17:00,-112.293663
3/11/19 18:00,-104.68689
3/11/19 19:00,-88.1469421
3/11/19 20:00,-70.9192352
3/11/19 21:00,-54.054554
3/11/19 22:00,-32.2009239
3/11/19 23:00,-16.0816441
3/12/19 0:00,-2.3233459
3/12/19 1:00,-0.013091123
3/12/19 2:00,0
3/12/19 3:00,-0.006517479
3/12/19 4:00,-0.025391985
3/12/19 5:00,-0.039683159
3/12/19 6:00,-0.047651399
3/12/19 7:00,-0.044741519
3/12/19 8:00,-0.030146482
3/12/19 9:00,-0.013619839
3/12/19 10:00,-0.004836482
3/12/19 11:00,-0.003182324
3/12/19 12:00,-0.003778938
3/12/19 13:00,-0.135752767
3/12/19 14:00,-9.22565556
3/12/19 15:00,-52.3486519
3/12/19 16:00,-95.4311829
3/12/19 17:00,-135.346664
3/12/19 18:00,-162.381454
3/12/19 19:00,-169.591904
3/12/19 20:00,-158.384064
3/12/19 21:00,-129.168991
3/12/19 22:00,-79.6928711
3/12/19 23:00,-42.1752205
3/13/19 0:00,-5.39337444
3/13/19 1:00,-0.561043262
3/13/19 2:00,-0.091792665
3/13/19 3:00,-0.023886612
3/13/19 4:00,-0.00481845
3/13/19 5:00,-0.000624381
3/13/19 6:00,-0.001194548
3/13/19 7:00,-0.016310912
3/13/19 8:00,-0.062453218
3/13/19 9:00,-0.119429149
3/13/19 10:00,-0.187084213
3/13/19 11:00,-0.355312973
3/13/19 12:00,-0.74254185
3/13/19 13:00,-3.33974075
3/13/19 14:00,-23.3257065
3/13/19 15:00,-64.7777939
3/13/19 16:00,-102.400139
3/13/19 17:00,-129.448395
3/13/19 18:00,-148.924438
3/13/19 19:00,-153.104828
3/13/19 20:00,-140.839066
3/13/19 21:00,-116.925255
3/13/19 22:00,-73.4700165
3/13/19 23:00,-40.3530846
3/14/19 0:00,-12.1832123
3/14/19 1:00,-4.20941639
3/14/19 2:00,-3.4877553
3/14/19 3:00,-3.46481943
3/14/19 4:00,-3.00528264
3/14/19 5:00,-2.4434979
3/14/19 6:00,-2.13210249
3/14/19 7:00,-1.86349487
3/14/19 8:00,-1.39978707
3/14/19 9:00,-0.999163806
3/14/19 10:00,-0.771253228
3/14/19 11:00,-0.596161246
3/14/19 12:00,-0.712113976
3/14/19 13:00,-5.16056728
3/14/19 14:00,-19.673151
3/14/19 15:00,-50.0176582
3/14/19 16:00,-83.5052032
3/14/19 17:00,-110.67263
3/14/19 18:00,-133.244522
3/14/19 19:00,-141.95018
3/14/19 20:00,-134.148163
3/14/19 21:00,-112.662468
3/14/19 22:00,-70.4117584
3/14/19 23:00,-37.9093246
3/15/19 0:00,-12.5377359
3/15/19 1:00,-4.59672642
3/15/19 2:00,-2.92024231
3/15/19 3:00,-1.95345366
3/15/19 4:00,-1.28063583
3/15/19 5:00,-0.811007738
3/15/19 6:00,-0.540369093
3/15/19 7:00,-0.371360183
3/15/19 8:00,-0.253829777
3/15/19 9:00,-0.157665029
3/15/19 10:00,-0.075438805
3/15/19 11:00,-0.051342536
3/15/19 12:00,-0.024425788
3/15/19 13:00,-0.885606468
3/15/19 14:00,-5.22858047
3/15/19 15:00,-14.864253
3/15/19 16:00,-30.362318
3/15/19 17:00,-47.288765
3/15/19 18:00,-61.6080284
3/15/19 19:00,-70.9556961
3/15/19 20:00,-69.9826889
3/15/19 21:00,-63.3462868
3/15/19 22:00,-42.4379082
3/15/19 23:00,-24.4257202
3/16/19 0:00,-9.17518234
3/16/19 1:00,-3.36674094
3/16/19 2:00,-2.48984241
3/16/19 3:00,-2.17407775
3/16/19 4:00,-1.84056938
3/16/19 5:00,-1.72884381
3/16/19 6:00,-1.64649844
3/16/19 7:00,-1.39162683
3/16/19 8:00,-1.14868844
3/16/19 9:00,-0.860424161
3/16/19 10:00,-0.567976534
3/16/19 11:00,-0.377498835
3/16/19 12:00,-0.257007927
3/16/19 13:00,-2.28720093
3/16/19 14:00,-19.4901447
3/16/19 15:00,-50.9851723
3/16/19 16:00,-84.1186218
3/16/19 17:00,-109.625488
3/16/19 18:00,-126.425446
3/16/19 19:00,-129.609299
3/16/19 20:00,-118.624565
3/16/19 21:00,-96.3137589
3/16/19 22:00,-57.4115181
3/16/19 23:00,-30.1014652
3/17/19 0:00,-8.58171558
3/17/19 1:00,-0.889239788
3/17/19 2:00,-0.298235536
3/17/19 3:00,-0.166775942
3/17/19 4:00,-0.137835622
3/17/19 5:00,-0.146007746
3/17/19 6:00,-0.16754742
3/17/19 7:00,-0.164735958
3/17/19 8:00,-0.126854792
3/17/19 9:00,-0.088039428
3/17/19 10:00,-0.061405428
3/17/19 11:00,-0.046809916
3/17/19 12:00,-0.054318551
3/17/19 13:00,-0.604341745
3/17/19 14:00,-19.4145012
3/17/19 15:00,-61.8876877
3/17/19 16:00,-102.949188
3/17/19 17:00,-133.100906
3/17/19 18:00,-151.282013
3/17/19 19:00,-153.368988
3/17/19 20:00,-139.575928
3/17/19 21:00,-111.756821
3/17/19 22:00,-68.250206
3/17/19 23:00,-38.4793587
3/18/19 0:00,-8.57305336
3/18/19 1:00,-1.24115825
3/18/19 2:00,-0.676174283
3/18/19 3:00,-0.509556949
3/18/19 4:00,-0.400114179
3/18/19 5:00,-0.31337741
3/18/19 6:00,-0.250636697
3/18/19 7:00,-0.2234018
3/18/19 8:00,-0.207018688
3/18/19 9:00,-0.18094562
3/18/19 10:00,-0.149755418
3/18/19 11:00,-0.118424401
3/18/19 12:00,-0.078480475
3/18/19 13:00,-0.770476341
3/18/19 14:00,-21.351614
3/18/19 15:00,-65.7064285
3/18/19 16:00,-104.32872
3/18/19 17:00,-127.272881
3/18/19 18:00,-138.404816
3/18/19 19:00,-136.682083
3/18/19 20:00,-123.048599
3/18/19 21:00,-96.6319046
3/18/19 22:00,-56.9190636
3/18/19 23:00,-31.86273
3/19/19 0:00,-11.5854244
3/19/19 1:00,-3.06829214
3/19/19 2:00,-1.84120286
3/19/19 3:00,-1.24090278
3/19/19 4:00,-0.786280036
3/19/19 5:00,-0.637867928
3/19/19 6:00,-0.538662016
3/19/19 7:00,-0.402567208
3/19/19 8:00,-0.323068351
3/19/19 9:00,-0.236483723
3/19/19 10:00,-0.148921594
3/19/19 11:00,-0.135407209
3/19/19 12:00,-0.224426225
3/19/19 13:00,-1.99047577
3/19/19 14:00,-18.6492729
3/19/19 15:00,-57.0268288
3/19/19 16:00,-94.5545425
3/19/19 17:00,-122.123505
3/19/19 18:00,-140.372498
3/19/19 19:00,-145.182449
3/19/19 20:00,-135.534866
3/19/19 21:00,-111.501953
3/19/19 22:00,-67.3823013
3/19/19 23:00,-36.0139999
3/20/19 0:00,-9.38018036
3/20/19 1:00,-0.718343675
3/20/19 2:00,-0.165016368
3/20/19 3:00,-0.037384514
3/20/19 4:00,-0.006952564
3/20/19 5:00,-0.001670836
3/20/19 6:00,-0.000614153
3/20/19 7:00,-0.000185868
3/20/19 8:00,-3.24E-05
3/20/19 9:00,-1.70E-05
3/20/19 10:00,-1.51E-05
3/20/19 11:00,0
3/20/19 12:00,-0.000342939
3/20/19 13:00,-0.409098655
3/20/19 14:00,-13.8513336
3/20/19 15:00,-65.6490402
3/20/19 16:00,-109.584999
3/20/19 17:00,-140.458817
3/20/19 18:00,-160.132507
3/20/19 19:00,-162.872482
3/20/19 20:00,-148.595108
3/20/19 21:00,-119.243462
3/20/19 22:00,-71.9052811
3/20/19 23:00,-39.3121605
3/21/19 0:00,-9.36560345
3/21/19 1:00,-0.594495535
3/21/19 2:00,-0.104440115
3/21/19 3:00,-0.03758724
3/21/19 4:00,-0.024832033
3/21/19 5:00,-0.013084916
3/21/19 6:00,-0.011485037
3/21/19 7:00,-0.014552266
3/21/19 8:00,-0.011410984
3/21/19 9:00,-0.00873667
3/21/19 10:00,-0.0273738
3/21/19 11:00,-0.049790703
3/21/19 12:00,-0.113081083
3/21/19 13:00,-0.944292903
3/21/19 14:00,-10.1004219
3/21/19 15:00,-28.3026237
3/21/19 16:00,-42.8542099
3/21/19 17:00,-52.7242584
3/21/19 18:00,-63.4684525
3/21/19 19:00,-67.6375504
3/21/19 20:00,-61.3085251
3/21/19 21:00,-52.8617744
3/21/19 22:00,-34.5357323
3/21/19 23:00,-20.7285004
3/22/19 0:00,-8.89852428
3/22/19 1:00,-3.6266284
3/22/19 2:00,-2.75210881
3/22/19 3:00,-2.15825462
3/22/19 4:00,-1.58604383
3/22/19 5:00,-1.402421
3/22/19 6:00,-1.08880377
3/22/19 7:00,-0.687526405
3/22/19 8:00,-0.502705872
3/22/19 9:00,-0.341917127
3/22/19 10:00,-0.223103419
3/22/19 11:00,-0.189938605
3/22/19 12:00,-0.242444634
3/22/19 13:00,-2.09911823
3/22/19 14:00,-16.5657845
3/22/19 15:00,-44.2903862
3/22/19 16:00,-77.3807907
3/22/19 17:00,-105.57814
3/22/19 18:00,-126.055779
3/22/19 19:00,-132.61203
3/22/19 20:00,-124.447861
3/22/19 21:00,-102.105347
3/22/19 22:00,-62.098278
3/22/19 23:00,-35.76754
3/23/19 0:00,-14.2510719
3/23/19 1:00,-4.72326326
3/23/19 2:00,-3.08429861
3/23/19 3:00,-2.23719049
3/23/19 4:00,-1.6030854
3/23/19 5:00,-1.16781366
3/23/19 6:00,-0.743820131
3/23/19 7:00,-0.421448648
3/23/19 8:00,-0.308799475
3/23/19 9:00,-0.191921696
3/23/19 10:00,-0.075327843
3/23/19 11:00,-0.030022698
3/23/19 12:00,-0.010208934
3/23/19 13:00,-0.63056922
3/23/19 14:00,-22.713047
3/23/19 15:00,-69.8302994
3/23/19 16:00,-116.149231
3/23/19 17:00,-149.589828
3/23/19 18:00,-172.022934
3/23/19 19:00,-177.746536
3/23/19 20:00,-165.792999
3/23/19 21:00,-136.471359
3/23/19 22:00,-84.6370239
3/23/19 23:00,-47.9706955
3/24/19 0:00,-7.48393154
3/24/19 1:00,-0.273862243
3/24/19 2:00,-0.039907385
3/24/19 3:00,-0.007989004
3/24/19 4:00,-0.001721498
3/24/19 5:00,-7.92E-05
3/24/19 6:00,0
3/24/19 7:00,0
3/24/19 8:00,0
3/24/19 9:00,0
3/24/19 10:00,0
3/24/19 11:00,0
3/24/19 12:00,-0.003296589
3/24/19 13:00,-0.284354985
3/24/19 14:00,-22.4356079
3/24/19 15:00,-91.8413391
3/24/19 16:00,-143.030304
3/24/19 17:00,-173.945786
3/24/19 18:00,-189.210464
3/24/19 19:00,-187.981079
3/24/19 20:00,-171.267166
3/24/19 21:00,-137.00383
3/24/19 22:00,-83.5970612
3/24/19 23:00,-47.8155708
3/25/19 0:00,-10.8495426
3/25/19 1:00,-0.80366832
3/25/19 2:00,-0.065345421
3/25/19 3:00,-0.015600684
3/25/19 4:00,-0.033383761
3/25/19 5:00,-0.041350436
3/25/19 6:00,-0.046974778
3/25/19 7:00,-0.063027121
3/25/19 8:00,-0.072931573
3/25/19 9:00,-0.062639304
3/25/19 10:00,-0.028226569
3/25/19 11:00,-0.004856027
3/25/19 12:00,-0.005529377
3/25/19 13:00,-0.74249512
3/25/19 14:00,-16.7135639
3/25/19 15:00,-56.1826096
3/25/19 16:00,-88.2842941
3/25/19 17:00,-109.451057
3/25/19 18:00,-120.716995
3/25/19 19:00,-117.449371
3/25/19 20:00,-102.439346
3/25/19 21:00,-76.4851456
3/25/19 22:00,-42.3177795
3/25/19 23:00,-19.6756706
3/26/19 0:00,-3.93610907
3/26/19 1:00,-0.660757363
3/26/19 2:00,-0.3851403
3/26/19 3:00,-0.271662146
3/26/19 4:00,-0.123301901
3/26/19 5:00,-0.0881451
3/26/19 6:00,-0.077801473
3/26/19 7:00,-0.061204977
3/26/19 8:00,-0.043904509
3/26/19 9:00,-0.027797388
3/26/19 10:00,-0.021498786
3/26/19 11:00,-0.033266366
3/26/19 12:00,-0.113558233
3/26/19 13:00,-1.9249264
3/26/19 14:00,-11.8076677
3/26/19 15:00,-32.9169312
3/26/19 16:00,-64.9309845
3/26/19 17:00,-99.8693314
3/26/19 18:00,-124.419151
3/26/19 19:00,-130.840729
3/26/19 20:00,-119.893562
3/26/19 21:00,-93.6487808
3/26/19 22:00,-55.1598854
3/26/19 23:00,-31.1223335
3/27/19 0:00,-10.9345598
3/27/19 1:00,-1.62151718
3/27/19 2:00,-0.678601325
3/27/19 3:00,-0.372204095
3/27/19 4:00,-0.201625139
3/27/19 5:00,-0.203625888
3/27/19 6:00,-0.194921032
3/27/19 7:00,-0.168814078
3/27/19 8:00,-0.216058522
3/27/19 9:00,-0.198851019
3/27/19 10:00,-0.129546851
3/27/19 11:00,-0.136234835
3/27/19 12:00,-0.27133438
3/27/19 13:00,-3.03654027
3/27/19 14:00,-24.1373749
3/27/19 15:00,-64.4099884
3/27/19 16:00,-106.683334
3/27/19 17:00,-139.96286
3/27/19 18:00,-160.368256
3/27/19 19:00,-163.978592
3/27/19 20:00,-150.770966
3/27/19 21:00,-121.0233
3/27/19 22:00,-72.6022415
3/27/19 23:00,-40.7121658
3/28/19 0:00,-13.249444
3/28/19 1:00,-0.987530947
3/28/19 2:00,-0.242244124
3/28/19 3:00,-0.056060836
3/28/19 4:00,-0.005972574
3/28/19 5:00,-0.002125494
3/28/19 6:00,-0.001120443
3/28/19 7:00,-0.005211922
3/28/19 8:00,-0.00705555
3/28/19 9:00,-0.004716676
3/28/19 10:00,-0.001408147
3/28/19 11:00,-0.000311711
3/28/19 12:00,-0.00059518
3/28/19 13:00,-0.698001087
3/28/19 14:00,-26.1973038
3/28/19 15:00,-84.5344772
3/28/19 16:00,-135.833893
3/28/19 17:00,-170.07135
3/28/19 18:00,-190.988251
3/28/19 19:00,-192.820557
3/28/19 20:00,-175.692184
3/28/19 21:00,-141.115021
3/28/19 22:00,-86.2125778
3/28/19 23:00,-49.4211235
3/29/19 0:00,-10.9497166
3/29/19 1:00,-0.365811855
3/29/19 2:00,-0.007523666
3/29/19 3:00,0
3/29/19 4:00,-1.91E-06
3/29/19 5:00,0
3/29/19 6:00,-1.91E-06
3/29/19 7:00,0
3/29/19 8:00,0
3/29/19 9:00,0
3/29/19 10:00,0
3/29/19 11:00,-3.81E-06
3/29/19 12:00,-0.004263721
3/29/19 13:00,-0.214299187
3/29/19 14:00,-29.1706772
3/29/19 15:00,-99.7604065
3/29/19 16:00,-151.816833
3/29/19 17:00,-183.30423
3/29/19 18:00,-197.397446
3/29/19 19:00,-196.441132
3/29/19 20:00,-181.552155
3/29/19 21:00,-146.59845
3/29/19 22:00,-91.5055771
3/29/19 23:00,-54.9631767
3/30/19 0:00,-12.1570606
3/30/19 1:00,-1.15370131
3/30/19 2:00,-0.222796172
3/30/19 3:00,-0.040494166
3/30/19 4:00,-0.008356023
3/30/19 5:00,-0.008031813
3/30/19 6:00,-0.013845393
3/30/19 7:00,-0.026237924
3/30/19 8:00,-0.053576127
3/30/19 9:00,-0.13164939
3/30/19 10:00,-0.250232041
3/30/19 11:00,-0.32242021
3/30/19 12:00,-0.495399445
3/30/19 13:00,-5.67563152
3/30/19 14:00,-50.7338676
3/30/19 15:00,-112.028
3/30/19 16:00,-162.790573
3/30/19 17:00,-192.789017
3/30/19 18:00,-210.249588
3/30/19 19:00,-209.179962
3/30/19 20:00,-192.33136
3/30/19 21:00,-156.103348
3/30/19 22:00,-97.9387131
3/30/19 23:00,-60.2515068
3/31/19 0:00,-24.7587681
3/31/19 1:00,-9.14399147
3/31/19 2:00,-7.15779495
3/31/19 3:00,-6.58756971
3/31/19 4:00,-5.42641497
3/31/19 5:00,-3.67935205
3/31/19 6:00,-2.92850924
3/31/19 7:00,-2.2385416
3/31/19 8:00,-1.31543386
3/31/19 9:00,-0.826009452
3/31/19 10:00,-0.614539325
3/31/19 11:00,-0.42063114
3/31/19 12:00,-0.654794991
3/31/19 13:00,-3.57418609
3/31/19 14:00,-10.0278654
3/31/19 15:00,-27.0183811
3/31/19 16:00,-57.6507721
3/31/19 17:00,-90.0073547
3/31/19 18:00,-113.386269
3/31/19 19:00,-119.704437
3/31/19 20:00,-109.621346
3/31/19 21:00,-87.98526
3/31/19 22:00,-52.9247208
3/31/19 23:00,-31.4490356
4/1/19 0:00,-15.0007944
4/1/19 1:00,-5.43150187
4/1/19 2:00,-3.72951412
4/1/19 3:00,-2.65688968
4/1/19 4:00,-1.68343329
4/1/19 5:00,-1.15261257
4/1/19 6:00,-0.785473943
4/1/19 7:00,-0.475026816
4/1/19 8:00,-0.318553209
4/1/19 9:00,-0.194596216
4/1/19 10:00,-0.091682702
4/1/19 11:00,-0.064721063
4/1/19 12:00,-0.201708347
4/1/19 13:00,-5.64863682
4/1/19 14:00,-28.8182373
4/1/19 15:00,-64.3422012
4/1/19 16:00,-100.467079
4/1/19 17:00,-128.796906
4/1/19 18:00,-148.740875
4/1/19 19:00,-153.651337
4/1/19 20:00,-144.950104
4/1/19 21:00,-125.432281
4/1/19 22:00,-89.0389862
4/1/19 23:00,-44.8456268
4/2/19 0:00,-13.0575333
4/2/19 1:00,-2.00443029
4/2/19 2:00,-0.788910449
4/2/19 3:00,-0.4182643
4/2/19 4:00,-0.218560234
4/2/19 5:00,-0.120538771
4/2/19 6:00,-0.150517374
4/2/19 7:00,-0.428137362
4/2/19 8:00,-0.671206772
4/2/19 9:00,-0.909902334
4/2/19 10:00,-1.25868952
4/2/19 11:00,-1.28119504
4/2/19 12:00,-1.66867769
4/2/19 13:00,-8.20664024
4/2/19 14:00,-26.0291481
4/2/19 15:00,-49.7736778
4/2/19 16:00,-76.6789703
4/2/19 17:00,-99.962471
4/2/19 18:00,-128.77002
4/2/19 19:00,-146.787048
4/2/19 20:00,-142.323853
4/2/19 21:00,-123.629768
4/2/19 22:00,-90.148056
4/2/19 23:00,-49.4259682
4/3/19 0:00,-14.3577538
4/3/19 1:00,-1.54024768
4/3/19 2:00,-0.879075825
4/3/19 3:00,-0.527469337
4/3/19 4:00,-0.256882906
4/3/19 5:00,-0.208576187
4/3/19 6:00,-0.180483401
4/3/19 7:00,-0.137469307
4/3/19 8:00,-0.117365584
4/3/19 9:00,-0.10288845
4/3/19 10:00,-0.08131633
4/3/19 11:00,-0.065418422
4/3/19 12:00,-0.132765904
4/3/19 13:00,-2.38881612
4/3/19 14:00,-50.8720398
4/3/19 15:00,-126.373184
4/3/19 16:00,-182.19397
4/3/19 17:00,-215.052216
4/3/19 18:00,-232.224808
4/3/19 19:00,-232.426392
4/3/19 20:00,-218.679214
4/3/19 21:00,-189.714676
4/3/19 22:00,-141.148682
4/3/19 23:00,-74.6429062
4/4/19 0:00,-9.21621132
4/4/19 1:00,-0.636084199
4/4/19 2:00,-0.095330484
4/4/19 3:00,-0.012829374
4/4/19 4:00,-0.000782944
4/4/19 5:00,0
4/4/19 6:00,-9.54E-07
4/4/19 7:00,0
4/4/19 8:00,0
4/4/19 9:00,0
4/4/19 10:00,0
4/4/19 11:00,0
4/4/19 12:00,-0.016362466
4/4/19 13:00,-0.592355788
4/4/19 14:00,-58.6296272
4/4/19 15:00,-150.881729
4/4/19 16:00,-203.796951
4/4/19 17:00,-229.841629
4/4/19 18:00,-240.107239
4/4/19 19:00,-235.925797
4/4/19 20:00,-221.770126
4/4/19 21:00,-193.362488
4/4/19 22:00,-143.791199
4/4/19 23:00,-77.5168381
4/5/19 0:00,-22.2530651
4/5/19 1:00,-7.40774441
4/5/19 2:00,-4.51996994
4/5/19 3:00,-3.63234496
4/5/19 4:00,-2.97650123
4/5/19 5:00,-2.07966137
4/5/19 6:00,-1.31347001
4/5/19 7:00,-0.824922264
4/5/19 8:00,-0.397147894
4/5/19 9:00,-0.113997735
4/5/19 10:00,-0.029099608
4/5/19 11:00,-0.011768378
4/5/19 12:00,-0.009692895
4/5/19 13:00,-0.06292817
4/5/19 14:00,-0.52174902
4/5/19 15:00,-2.31702662
4/5/19 16:00,-6.83257771
4/5/19 17:00,-14.607152
4/5/19 18:00,-29.2553425
4/5/19 19:00,-45.6199188
4/5/19 20:00,-54.2380447
4/5/19 21:00,-60.8056602
4/5/19 22:00,-51.8546448
4/5/19 23:00,-27.987484
4/6/19 0:00,-4.00128317
4/6/19 1:00,-0.000335241
4/6/19 2:00,0
4/6/19 3:00,0
4/6/19 4:00,-3.81E-06
4/6/19 5:00,0
4/6/19 6:00,0
4/6/19 7:00,-9.54E-07
4/6/19 8:00,0
4/6/19 9:00,0
4/6/19 10:00,-3.81E-06
4/6/19 11:00,0
4/6/19 12:00,-0.023001915
4/6/19 13:00,-4.0565691
4/6/19 14:00,-35.5360909
4/6/19 15:00,-83.1816254
4/6/19 16:00,-134.526138
4/6/19 17:00,-175.466965
4/6/19 18:00,-204.106827
4/6/19 19:00,-210.799835
4/6/19 20:00,-198.15831
4/6/19 21:00,-174.380157
4/6/19 22:00,-129.596207
4/6/19 23:00,-66.0347672
4/7/19 0:00,-9.01310158
4/7/19 1:00,-0.070084184
4/7/19 2:00,-0.006575287
4/7/19 3:00,-0.002514598
4/7/19 4:00,-0.001067456
4/7/19 5:00,-0.000308202
4/7/19 6:00,-0.004673742
4/7/19 7:00,-0.016870307
4/7/19 8:00,-0.023152409
4/7/19 9:00,-0.016128071
4/7/19 10:00,-0.006509292
4/7/19 11:00,-0.002366798
4/7/19 12:00,-0.059934061
4/7/19 13:00,-4.40809155
4/7/19 14:00,-29.7092609
4/7/19 15:00,-71.296608
4/7/19 16:00,-126.072777
4/7/19 17:00,-178.340271
4/7/19 18:00,-211.08194
4/7/19 19:00,-215.808228
4/7/19 20:00,-204.216324
4/7/19 21:00,-174.154495
4/7/19 22:00,-121.767303
4/7/19 23:00,-60.9106903
4/8/19 0:00,-11.8531075
4/8/19 1:00,-0.361319691
4/8/19 2:00,-0.026431004
4/8/19 3:00,-0.005880072
4/8/19 4:00,-0.000138425
4/8/19 5:00,-1.51E-05
4/8/19 6:00,0
4/8/19 7:00,0
4/8/19 8:00,-3.81E-06
4/8/19 9:00,0
4/8/19 10:00,0
4/8/19 11:00,0
4/8/19 12:00,-0.044789828
4/8/19 13:00,-6.1936512
4/8/19 14:00,-39.2990723
4/8/19 15:00,-79.9840775
4/8/19 16:00,-112.876427
4/8/19 17:00,-132.80954
4/8/19 18:00,-126.081589
4/8/19 19:00,-115.845131
4/8/19 20:00,-104.420555
4/8/19 21:00,-83.9914474
4/8/19 22:00,-54.3931656
4/8/19 23:00,-24.8211365
4/9/19 0:00,-4.7756691
4/9/19 1:00,-0.28369534
4/9/19 2:00,-0.094152711
4/9/19 3:00,-0.039436452
4/9/19 4:00,-0.011827874
4/9/19 5:00,-0.016172055
4/9/19 6:00,-0.012337217
4/9/19 7:00,-0.0055354
4/9/19 8:00,-0.005626197
4/9/19 9:00,-0.007858555
4/9/19 10:00,-0.006314013
4/9/19 11:00,-0.004203909
4/9/19 12:00,-0.032031331
4/9/19 13:00,-1.87749362
4/9/19 14:00,-23.991848
4/9/19 15:00,-63.9780502
4/9/19 16:00,-120.11792
4/9/19 17:00,-175.701065
4/9/19 18:00,-203.65686
4/9/19 19:00,-204.146637
4/9/19 20:00,-189.834885
4/9/19 21:00,-166.082748
4/9/19 22:00,-124.808945
4/9/19 23:00,-65.3131332
4/10/19 0:00,-8.71011162
4/10/19 1:00,-0.957648098
4/10/19 2:00,-0.328461558
4/10/19 3:00,-0.177544132
4/10/19 4:00,-0.099243946
4/10/19 5:00,-0.110682316
4/10/19 6:00,-0.079819977
4/10/19 7:00,-0.020340664
4/10/19 8:00,-0.002135584
4/10/19 9:00,-3.81E-06
4/10/19 10:00,0
4/10/19 11:00,0
4/10/19 12:00,0
4/10/19 13:00,-4.41806984
4/10/19 14:00,-80.6175232
4/10/19 15:00,-166.685074
4/10/19 16:00,-224.908188
4/10/19 17:00,-256.684357
4/10/19 18:00,-263.853333
4/10/19 19:00,-255.546173
4/10/19 20:00,-245.621597
4/10/19 21:00,-223.764618
4/10/19 22:00,-177.675812
4/10/19 23:00,-96.6269684
4/11/19 0:00,-10.2580185
4/11/19 1:00,-0.766206145
4/11/19 2:00,-0.022828849
4/11/19 3:00,-0.001864858
4/11/19 4:00,-7.58E-05
4/11/19 5:00,-3.08E-05
4/11/19 6:00,-0.024437014
4/11/19 7:00,-0.109811932
4/11/19 8:00,-0.189366937
4/11/19 9:00,-0.252352536
4/11/19 10:00,-0.264371455
4/11/19 11:00,-0.267512202
4/11/19 12:00,-1.33532119
4/11/19 13:00,-16.9734173
4/11/19 14:00,-79.1792526
4/11/19 15:00,-144.927017
4/11/19 16:00,-200.064224
4/11/19 17:00,-230.600693
4/11/19 18:00,-244.091843
4/11/19 19:00,-240.644669
4/11/19 20:00,-227.625046
4/11/19 21:00,-200.830505
4/11/19 22:00,-152.917419
4/11/19 23:00,-88.2767029
4/12/19 0:00,-29.7395496
4/12/19 1:00,-9.33890343
4/12/19 2:00,-6.61666632
4/12/19 3:00,-5.42787409
4/12/19 4:00,-4.29947281
4/12/19 5:00,-3.76913643
4/12/19 6:00,-3.49245286
4/12/19 7:00,-3.32124162
4/12/19 8:00,-3.03243089
4/12/19 9:00,-2.82075906
4/12/19 10:00,-2.54079676
4/12/19 11:00,-2.25264311
4/12/19 12:00,-4.18771887
4/12/19 13:00,-14.469717
4/12/19 14:00,-31.6945686
4/12/19 15:00,-49.3652763
4/12/19 16:00,-73.9022141
4/12/19 17:00,-106.201706
4/12/19 18:00,-151.119827
4/12/19 19:00,-177.098831
4/12/19 20:00,-173.397934
4/12/19 21:00,-158.141205
4/12/19 22:00,-121.105881
4/12/19 23:00,-65.8132858
4/13/19 0:00,-11.9789495
4/13/19 1:00,-0.034532767
4/13/19 2:00,0
4/13/19 3:00,0
4/13/19 4:00,0
4/13/19 5:00,0
4/13/19 6:00,-0.000334018
4/13/19 7:00,-0.022200158
4/13/19 8:00,-0.066062242
4/13/19 9:00,-0.109270424
4/13/19 10:00,-0.161057055
4/13/19 11:00,-0.206445292
4/13/19 12:00,-0.529509485
4/13/19 13:00,-8.85547066
4/13/19 14:00,-48.8437996
4/13/19 15:00,-85.4206085
4/13/19 16:00,-125.677269
4/13/19 17:00,-153.465744
4/13/19 18:00,-175.832489
4/13/19 19:00,-186.904205
4/13/19 20:00,-184.772903
4/13/19 21:00,-176.489273
4/13/19 22:00,-139.579224
4/13/19 23:00,-76.9704056
4/14/19 0:00,-14.9755554
4/14/19 1:00,-0.520066738
4/14/19 2:00,-0.05936496
4/14/19 3:00,-0.146377668
4/14/19 4:00,-0.472241521
4/14/19 5:00,-0.98497206
4/14/19 6:00,-1.74793267
4/14/19 7:00,-2.39692664
4/14/19 8:00,-2.67215252
4/14/19 9:00,-2.92011237
4/14/19 10:00,-2.8880589
4/14/19 11:00,-2.60813117
4/14/19 12:00,-4.75921392
4/14/19 13:00,-13.5728664
4/14/19 14:00,-25.1213913
4/14/19 15:00,-37.6413193
4/14/19 16:00,-59.8932838
4/14/19 17:00,-88.4243317
4/14/19 18:00,-120.285118
4/14/19 19:00,-135.624313
4/14/19 20:00,-136.894745
4/14/19 21:00,-131.391678
4/14/19 22:00,-106.964531
4/14/19 23:00,-67.1714859
4/15/19 0:00,-29.7444363
4/15/19 1:00,-16.34412
4/15/19 2:00,-13.250474
4/15/19 3:00,-10.3971634
4/15/19 4:00,-8.22229481
4/15/19 5:00,-7.14989614
4/15/19 6:00,-5.9720993
4/15/19 7:00,-4.78107452
4/15/19 8:00,-4.38578749
4/15/19 9:00,-3.78357196
4/15/19 10:00,-2.74853706
4/15/19 11:00,-2.23013973
4/15/19 12:00,-6.06044865
4/15/19 13:00,-23.9257908
4/15/19 14:00,-54.098156
4/15/19 15:00,-92.3061295
4/15/19 16:00,-126.609444
4/15/19 17:00,-151.702545
4/15/19 18:00,-168.672455
4/15/19 19:00,-172.942154
4/15/19 20:00,-165.3396
4/15/19 21:00,-147.786194
4/15/19 22:00,-111.115005
4/15/19 23:00,-62.9184151
4/16/19 0:00,-21.2608719
4/16/19 1:00,-3.88053298
4/16/19 2:00,-1.98969972
4/16/19 3:00,-1.10098338
4/16/19 4:00,-0.515470207
4/16/19 5:00,-0.244121298
4/16/19 6:00,-0.116310574
4/16/19 7:00,-0.063898683
4/16/19 8:00,-0.0588925
4/16/19 9:00,-0.07287202
4/16/19 10:00,-0.022000713
4/16/19 11:00,-0.000231818
4/16/19 12:00,-0.123484232
4/16/19 13:00,-18.0744991
4/16/19 14:00,-96.2256927
4/16/19 15:00,-166.546646
4/16/19 16:00,-222.879883
4/16/19 17:00,-254.173325
4/16/19 18:00,-268.935394
4/16/19 19:00,-266.360413
4/16/19 20:00,-250.75975
4/16/19 21:00,-220.719147
4/16/19 22:00,-168.686569
4/16/19 23:00,-97.4944992
4/17/19 0:00,-22.6751289
4/17/19 1:00,-1.15955722
4/17/19 2:00,-0.088418417
4/17/19 3:00,-0.012182952
4/17/19 4:00,-0.000793773
4/17/19 5:00,0
4/17/19 6:00,0
4/17/19 7:00,0
4/17/19 8:00,-4.72E-05
4/17/19 9:00,-0.001921502
4/17/19 10:00,-0.000861935
4/17/19 11:00,0
4/17/19 12:00,-0.035214655
4/17/19 13:00,-7.11366796
4/17/19 14:00,-96.5067749
4/17/19 15:00,-169.706924
4/17/19 16:00,-221.251999
4/17/19 17:00,-248.63913
4/17/19 18:00,-261.892151
4/17/19 19:00,-259.795624
4/17/19 20:00,-247.330582
4/17/19 21:00,-222.187668
4/17/19 22:00,-173.192444
4/17/19 23:00,-99.6599808
4/18/19 0:00,-20.8810577
4/18/19 1:00,-1.41885281
4/18/19 2:00,-0.108348168
4/18/19 3:00,-0.131456077
4/18/19 4:00,-0.216671109
4/18/19 5:00,-0.40950793
4/18/19 6:00,-0.699642599
4/18/19 7:00,-0.822033703
4/18/19 8:00,-0.654496431
4/18/19 9:00,-0.459086835
4/18/19 10:00,-0.247164607
4/18/19 11:00,-0.198333398
4/18/19 12:00,-2.35741377
4/18/19 13:00,-26.196804
4/18/19 14:00,-87.9247513
4/18/19 15:00,-149.840469
4/18/19 16:00,-203.644211
4/18/19 17:00,-233.296906
4/18/19 18:00,-250.605438
4/18/19 19:00,-249.309845
4/18/19 20:00,-235.554413
4/18/19 21:00,-207.497543
4/18/19 22:00,-157.934692
4/18/19 23:00,-90.5466003
4/19/19 0:00,-29.1719437
4/19/19 1:00,-9.47956181
4/19/19 2:00,-6.86929655
4/19/19 3:00,-5.38692141
4/19/19 4:00,-4.58125019
4/19/19 5:00,-4.51953793
4/19/19 6:00,-4.07436323
4/19/19 7:00,-2.73343897
4/19/19 8:00,-1.74112523
4/19/19 9:00,-1.37098956
4/19/19 10:00,-0.663066149
4/19/19 11:00,-0.19166106
4/19/19 12:00,-1.02770102
4/19/19 13:00,-4.61308718
4/19/19 14:00,-10.5833511
4/19/19 15:00,-18.8419724
4/19/19 16:00,-28.2033615
4/19/19 17:00,-36.7891617
4/19/19 18:00,-47.9338455
4/19/19 19:00,-57.4392624
4/19/19 20:00,-56.8568649
4/19/19 21:00,-55.7729301
4/19/19 22:00,-45.7577477
4/19/19 23:00,-27.4281254
4/20/19 0:00,-10.3143091
4/20/19 1:00,-4.54081678
4/20/19 2:00,-3.96912646
4/20/19 3:00,-3.45803714
4/20/19 4:00,-2.8072927
4/20/19 5:00,-2.52128029
4/20/19 6:00,-2.11822724
4/20/19 7:00,-1.52347183
4/20/19 8:00,-1.15986788
4/20/19 9:00,-0.917610168
4/20/19 10:00,-0.799724281
4/20/19 11:00,-0.900254905
4/20/19 12:00,-2.87493443
4/20/19 13:00,-8.27907085
4/20/19 14:00,-17.1353683
4/20/19 15:00,-25.038681
4/20/19 16:00,-30.4980545
4/20/19 17:00,-35.4871292
4/20/19 18:00,-37.5359497
4/20/19 19:00,-34.2684631
4/20/19 20:00,-28.925909
4/20/19 21:00,-22.6395206
4/20/19 22:00,-16.0541763
4/20/19 23:00,-10.1340523
4/21/19 0:00,-4.95714092
4/21/19 1:00,-2.86783838
4/21/19 2:00,-2.52622008
4/21/19 3:00,-2.34717536
4/21/19 4:00,-2.2976501
4/21/19 5:00,-2.1832211
4/21/19 6:00,-1.85192728
4/21/19 7:00,-1.60871255
4/21/19 8:00,-1.62866294
4/21/19 9:00,-1.21324003
4/21/19 10:00,-0.727012634
4/21/19 11:00,-0.674025655
4/21/19 12:00,-3.98885703
4/21/19 13:00,-22.6694202
4/21/19 14:00,-58.5675621
4/21/19 15:00,-112.315453
4/21/19 16:00,-167.908646
4/21/19 17:00,-206.790253
4/21/19 18:00,-230.229019
4/21/19 19:00,-234.065262
4/21/19 20:00,-222.694992
4/21/19 21:00,-198.999466
4/21/19 22:00,-154.731766
4/21/19 23:00,-93.5670471
4/22/19 0:00,-21.7697964
4/22/19 1:00,-0.803456962
4/22/19 2:00,-0.256565094
4/22/19 3:00,-0.143162951
4/22/19 4:00,-0.061198156
4/22/19 5:00,-0.019411404
4/22/19 6:00,-0.008933061
4/22/19 7:00,-0.00489266
4/22/19 8:00,-0.003902084
4/22/19 9:00,-0.0039592
4/22/19 10:00,-0.000155429
4/22/19 11:00,0
4/22/19 12:00,-0.029943632
4/22/19 13:00,-16.8979263
4/22/19 14:00,-115.322449
4/22/19 15:00,-187.927307
4/22/19 16:00,-243.191284
4/22/19 17:00,-270.22818
4/22/19 18:00,-278.724884
4/22/19 19:00,-272.880524
4/22/19 20:00,-261.073425
4/22/19 21:00,-236.698105
4/22/19 22:00,-189.83284
4/22/19 23:00,-112.629128
4/23/19 0:00,-11.9218102
4/23/19 1:00,-0.309646994
4/23/19 2:00,-0.040713493
4/23/19 3:00,-0.002666579
4/23/19 4:00,0
4/23/19 5:00,0
4/23/19 6:00,0
4/23/19 7:00,-0.000136769
4/23/19 8:00,-9.12E-05
4/23/19 9:00,0
4/23/19 10:00,-3.81E-06
4/23/19 11:00,0
4/23/19 12:00,-0.02465101
4/23/19 13:00,-14.0863266
4/23/19 14:00,-127.681763
4/23/19 15:00,-200.893982
4/23/19 16:00,-248.44693
4/23/19 17:00,-266.43457
4/23/19 18:00,-267.917908
4/23/19 19:00,-259.964722
4/23/19 20:00,-249.181412
4/23/19 21:00,-226.086914
4/23/19 22:00,-179.944519
4/23/19 23:00,-106.947502
4/24/19 0:00,-20.9630909
4/24/19 1:00,-0.770962119
4/24/19 2:00,-0.014807582
4/24/19 3:00,-0.000499324
4/24/19 4:00,-0.000107543
4/24/19 5:00,-3.81E-06
4/24/19 6:00,-3.81E-06
4/24/19 7:00,-0.000848116
4/24/19 8:00,-0.002589781
4/24/19 9:00,-0.012775588
4/24/19 10:00,-0.0145432
4/24/19 11:00,-0.000382183
4/24/19 12:00,-0.030415513
4/24/19 13:00,-6.35475063
4/24/19 14:00,-88.7356415
4/24/19 15:00,-152.548691
4/24/19 16:00,-202.419144
4/24/19 17:00,-231.271683
4/24/19 18:00,-251.09166
4/24/19 19:00,-252.948639
4/24/19 20:00,-240.537415
4/24/19 21:00,-215.717117
4/24/19 22:00,-168.489746
4/24/19 23:00,-96.1503143
4/25/19 0:00,-17.3665924
4/25/19 1:00,-1.00239968
4/25/19 2:00,-0.020657649
4/25/19 3:00,-0.001197749
4/25/19 4:00,-3.06E-05
4/25/19 5:00,-0.001242372
4/25/19 6:00,-0.004404723
4/25/19 7:00,-0.000214718
4/25/19 8:00,0
4/25/19 9:00,-0.001672456
4/25/19 10:00,-0.004560292
4/25/19 11:00,-0.004747016
4/25/19 12:00,-0.462313741
4/25/19 13:00,-15.703105
4/25/19 14:00,-67.3246689
4/25/19 15:00,-125.223701
4/25/19 16:00,-176.465302
4/25/19 17:00,-209.970444
4/25/19 18:00,-234.907959
4/25/19 19:00,-238.654449
4/25/19 20:00,-225.961792
4/25/19 21:00,-202.655121
4/25/19 22:00,-158.948746
4/25/19 23:00,-96.223671
4/26/19 0:00,-34.154213
4/26/19 1:00,-10.7739401
4/26/19 2:00,-7.46857643
4/26/19 3:00,-5.80033016
4/26/19 4:00,-4.29302502
4/26/19 5:00,-3.33464527
4/26/19 6:00,-2.48906374
4/26/19 7:00,-1.970801
4/26/19 8:00,-1.72484446
4/26/19 9:00,-1.54819143
4/26/19 10:00,-1.36731553
4/26/19 11:00,-1.28065372
4/26/19 12:00,-5.44929028
4/26/19 13:00,-23.0620613
4/26/19 14:00,-51.5541878
4/26/19 15:00,-95.2095413
4/26/19 16:00,-141.031662
4/26/19 17:00,-177.626282
4/26/19 18:00,-205.10144
4/26/19 19:00,-213.652908
4/26/19 20:00,-210.331772
4/26/19 21:00,-198.787796
4/26/19 22:00,-160.342621
4/26/19 23:00,-101.674927
4/27/19 0:00,-40.2706299
4/27/19 1:00,-15.9073887
4/27/19 2:00,-11.349618
4/27/19 3:00,-8.06399632
4/27/19 4:00,-5.34194422
4/27/19 5:00,-3.93350649
4/27/19 6:00,-2.91991329
4/27/19 7:00,-2.08907604
4/27/19 8:00,-1.57960999
4/27/19 9:00,-1.17278981
4/27/19 10:00,-0.656704247
4/27/19 11:00,-0.42070806
4/27/19 12:00,-2.16175675
4/27/19 13:00,-40.3608627
4/27/19 14:00,-117.153755
4/27/19 15:00,-184.505188
4/27/19 16:00,-235.036942
4/27/19 17:00,-261.716644
4/27/19 18:00,-268.223724
4/27/19 19:00,-261.368134
4/27/19 20:00,-248.767166
4/27/19 21:00,-214.221848
4/27/19 22:00,-161.609604
4/27/19 23:00,-97.8058472
4/28/19 0:00,-26.7778721
4/28/19 1:00,-5.99424839
4/28/19 2:00,-4.97878504
4/28/19 3:00,-5.61303854
4/28/19 4:00,-5.50617456
4/28/19 5:00,-4.76896143
4/28/19 6:00,-4.03689766
4/28/19 7:00,-3.3872118
4/28/19 8:00,-3.50404191
4/28/19 9:00,-4.43126869
4/28/19 10:00,-4.87131643
4/28/19 11:00,-4.45991135
4/28/19 12:00,-14.5963945
4/28/19 13:00,-61.0305862
4/28/19 14:00,-111.547928
4/28/19 15:00,-169.138046
4/28/19 16:00,-218.136063
4/28/19 17:00,-244.958527
4/28/19 18:00,-258.934052
4/28/19 19:00,-257.851013
4/28/19 20:00,-247.289627
4/28/19 21:00,-222.681656
4/28/19 22:00,-176.666245
4/28/19 23:00,-110.221405
4/29/19 0:00,-25.002594
4/29/19 1:00,-1.01726294
4/29/19 2:00,-0.196261123
4/29/19 3:00,-0.070451714
4/29/19 4:00,-0.001876889
4/29/19 5:00,0
4/29/19 6:00,0
4/29/19 7:00,0
4/29/19 8:00,-3.81E-06
4/29/19 9:00,-0.048932038
4/29/19 10:00,-0.132841513
4/29/19 11:00,-0.190610796
4/29/19 12:00,-3.54333282
4/29/19 13:00,-38.9624863
4/29/19 14:00,-110.84317
4/29/19 15:00,-172.442688
4/29/19 16:00,-223.0056
4/29/19 17:00,-250.214752
4/29/19 18:00,-260.276978
4/29/19 19:00,-255.477646
4/29/19 20:00,-243.168594
4/29/19 21:00,-219.750732
4/29/19 22:00,-175.445312
4/29/19 23:00,-108.448952
4/30/19 0:00,-29.6279068
4/30/19 1:00,-3.02642155
4/30/19 2:00,-0.525587559
4/30/19 3:00,-0.100854903
4/30/19 4:00,-0.028160056
4/30/19 5:00,-0.023893243
4/30/19 6:00,-0.019997556
4/30/19 7:00,-0.028159201
4/30/19 8:00,-0.027170455
4/30/19 9:00,-0.009981154
4/30/19 10:00,-0.000417348
4/30/19 11:00,-0.000479179
4/30/19 12:00,-1.5047183
4/30/19 13:00,-39.2579842
4/30/19 14:00,-124.638489
4/30/19 15:00,-194.981537
4/30/19 16:00,-244.969788
4/30/19 17:00,-262.128754
4/30/19 18:00,-258.367615
4/30/19 19:00,-244.32695
4/30/19 20:00,-235.415482
4/30/19 21:00,-222.074478
4/30/19 22:00,-188.457611
4/30/19 23:00,-118.859818
5/1/19 0:00,-25.1686077
5/1/19 1:00,-1.25106823
5/1/19 2:00,-0.068064936
5/1/19 3:00,-0.063719355
5/1/19 4:00,-0.074728712
5/1/19 5:00,-0.101822644
5/1/19 6:00,-0.196311802
5/1/19 7:00,-0.380358398
5/1/19 8:00,-0.608020067
5/1/19 9:00,-0.843172908
5/1/19 10:00,-0.922101915
5/1/19 11:00,-1.03253102
5/1/19 12:00,-7.8201828
5/1/19 13:00,-60.1448288
5/1/19 14:00,-140.696213
5/1/19 15:00,-208.825348
5/1/19 16:00,-254.475525
5/1/19 17:00,-268.162933
5/1/19 18:00,-259.632202
5/1/19 19:00,-244.22493
5/1/19 20:00,-236.143555
5/1/19 21:00,-223.827133
5/1/19 22:00,-187.335632
5/1/19 23:00,-120.690613
5/2/19 0:00,-33.5756836
5/2/19 1:00,-1.18668902
5/2/19 2:00,-0.087179296
5/2/19 3:00,-0.082876258
5/2/19 4:00,-0.084413856
5/2/19 5:00,-0.087139092
5/2/19 6:00,-0.07869298
5/2/19 7:00,-0.054472107
5/2/19 8:00,-0.027849132
5/2/19 9:00,-0.009873344
5/2/19 10:00,-0.00313228
5/2/19 11:00,-0.000593561
5/2/19 12:00,-0.685038567
5/2/19 13:00,-47.5171165
5/2/19 14:00,-132.176453
5/2/19 15:00,-205.012421
5/2/19 16:00,-256.293518
5/2/19 17:00,-267.204773
5/2/19 18:00,-246.406509
5/2/19 19:00,-220.625443
5/2/19 20:00,-211.671204
5/2/19 21:00,-204.727798
5/2/19 22:00,-179.544952
5/2/19 23:00,-118.711327
5/3/19 0:00,-24.8401051
5/3/19 1:00,-0.98970139
5/3/19 2:00,-0.025445124
5/3/19 3:00,-0.00256082
5/3/19 4:00,-0.000106871
5/3/19 5:00,-0.001942046
5/3/19 6:00,-0.067386046
5/3/19 7:00,-0.145057008
5/3/19 8:00,-0.13383618
5/3/19 9:00,-0.143821523
5/3/19 10:00,-0.15479514
5/3/19 11:00,-0.142694518
5/3/19 12:00,-2.77076006
5/3/19 13:00,-42.4869614
5/3/19 14:00,-108.928337
5/3/19 15:00,-163.331711
5/3/19 16:00,-207.712051
5/3/19 17:00,-232.492996
5/3/19 18:00,-238.070053
5/3/19 19:00,-231.143723
5/3/19 20:00,-219.680817
5/3/19 21:00,-197.733749
5/3/19 22:00,-156.003387
5/3/19 23:00,-96.1682816
5/4/19 0:00,-24.7788544
5/4/19 1:00,-1.5196954
5/4/19 2:00,-0.158113331
5/4/19 3:00,-0.009002543
5/4/19 4:00,-0.00019879
5/4/19 5:00,0
5/4/19 6:00,0
5/4/19 7:00,-9.54E-07
5/4/19 8:00,0
5/4/19 9:00,-9.54E-07
5/4/19 10:00,0
5/4/19 11:00,-7.67E-05
5/4/19 12:00,-0.834919989
5/4/19 13:00,-49.9930916
5/4/19 14:00,-121.546318
5/4/19 15:00,-175.43222
5/4/19 16:00,-204.895157
5/4/19 17:00,-204.411514
5/4/19 18:00,-178.829391
5/4/19 19:00,-161.974075
5/4/19 20:00,-149.454102
5/4/19 21:00,-136.939209
5/4/19 22:00,-109.256577
5/4/19 23:00,-68.7605286
5/5/19 0:00,-17.6132603
5/5/19 1:00,-0.770297527
5/5/19 2:00,-0.157319337
5/5/19 3:00,-0.088118039
5/5/19 4:00,-0.025013296
5/5/19 5:00,-0.003781374
5/5/19 6:00,-0.009650017
5/5/19 7:00,-0.041786157
5/5/19 8:00,-0.11830052
5/5/19 9:00,-0.207115903
5/5/19 10:00,-0.177274764
5/5/19 11:00,-0.158050656
5/5/19 12:00,-1.86531973
5/5/19 13:00,-8.80801868
5/5/19 14:00,-24.6163254
5/5/19 15:00,-63.2509117
5/5/19 16:00,-121.387779
5/5/19 17:00,-173.679596
5/5/19 18:00,-208.121048
5/5/19 19:00,-216.662476
5/5/19 20:00,-211.197998
5/5/19 21:00,-194.850174
5/5/19 22:00,-154.451401
5/5/19 23:00,-97.4907837
5/6/19 0:00,-28.4771233
5/6/19 1:00,-1.37747025
5/6/19 2:00,-0.236775264
5/6/19 3:00,-0.0781615
5/6/19 4:00,-0.01499967
5/6/19 5:00,-0.000288502
5/6/19 6:00,-1.71E-05
5/6/19 7:00,0
5/6/19 8:00,0
5/6/19 9:00,0
5/6/19 10:00,0
5/6/19 11:00,0
5/6/19 12:00,-2.51495504
5/6/19 13:00,-56.4953842
5/6/19 14:00,-137.599609
5/6/19 15:00,-209.689026
5/6/19 16:00,-260.33316
5/6/19 17:00,-282.263672
5/6/19 18:00,-284.902191
5/6/19 19:00,-275.742279
5/6/19 20:00,-265.903809
5/6/19 21:00,-246.95668
5/6/19 22:00,-204.139679
5/6/19 23:00,-133.685196
5/7/19 0:00,-37.0984917
5/7/19 1:00,-1.69201744
5/7/19 2:00,-0.693929255
5/7/19 3:00,-0.508535862
5/7/19 4:00,-0.31498304
5/7/19 5:00,-0.175525472
5/7/19 6:00,-0.101352632
5/7/19 7:00,-0.066693135
5/7/19 8:00,-0.067212358
5/7/19 9:00,-0.064980365
5/7/19 10:00,-0.033051696
5/7/19 11:00,-0.030546105
5/7/19 12:00,-4.8195343
5/7/19 13:00,-66.7544785
5/7/19 14:00,-144.071442
5/7/19 15:00,-204.180603
5/7/19 16:00,-245.642685
5/7/19 17:00,-262.90741
5/7/19 18:00,-260.472961
5/7/19 19:00,-252.36972
5/7/19 20:00,-240.992599
5/7/19 21:00,-214.506119
5/7/19 22:00,-167.610077
5/7/19 23:00,-106.55735
5/8/19 0:00,-31.102417
5/8/19 1:00,-2.02128315
5/8/19 2:00,-0.845772982
5/8/19 3:00,-0.492200047
5/8/19 4:00,-0.299880266
5/8/19 5:00,-0.224070892
5/8/19 6:00,-0.210885867
5/8/19 7:00,-0.205229804
5/8/19 8:00,-0.223370507
5/8/19 9:00,-0.20801048
5/8/19 10:00,-0.176232189
5/8/19 11:00,-0.268223226
5/8/19 12:00,-6.09525251
5/8/19 13:00,-70.8717422
5/8/19 14:00,-143.119507
5/8/19 15:00,-210.310791
5/8/19 16:00,-251.267563
5/8/19 17:00,-262.551666
5/8/19 18:00,-257.948578
5/8/19 19:00,-243.523483
5/8/19 20:00,-233.603836
5/8/19 21:00,-221.056412
5/8/19 22:00,-186.713867
5/8/19 23:00,-124.402519
5/9/19 0:00,-40.6212845
5/9/19 1:00,-6.64321804
5/9/19 2:00,-3.25369334
5/9/19 3:00,-2.61137533
5/9/19 4:00,-2.54307413
5/9/19 5:00,-2.77589965
5/9/19 6:00,-2.91025043
5/9/19 7:00,-3.15012908
5/9/19 8:00,-3.50234818
5/9/19 9:00,-3.61522055
5/9/19 10:00,-3.17896295
5/9/19 11:00,-3.28884339
5/9/19 12:00,-14.0984268
5/9/19 13:00,-67.0672379
5/9/19 14:00,-124.69783
5/9/19 15:00,-182.46373
5/9/19 16:00,-224.682053
5/9/19 17:00,-248.120987
5/9/19 18:00,-257.072052
5/9/19 19:00,-253.213547
5/9/19 20:00,-238.026016
5/9/19 21:00,-201.013412
5/9/19 22:00,-148.894363
5/9/19 23:00,-92.442482
5/10/19 0:00,-35.4724922
5/10/19 1:00,-9.11554146
5/10/19 2:00,-4.78909969
5/10/19 3:00,-2.78312755
5/10/19 4:00,-1.34336197
5/10/19 5:00,-0.810648382
5/10/19 6:00,-0.514421523
5/10/19 7:00,-0.249306634
5/10/19 8:00,-0.114021406
5/10/19 9:00,-0.033580881
5/10/19 10:00,-0.003959522
5/10/19 11:00,-0.058776826
5/10/19 12:00,-3.34615231
5/10/19 13:00,-39.5299034
5/10/19 14:00,-93.0521011
5/10/19 15:00,-161.673431
5/10/19 16:00,-230.385162
5/10/19 17:00,-263.067047
5/10/19 18:00,-261.773224
5/10/19 19:00,-238.454636
5/10/19 20:00,-227.08577
5/10/19 21:00,-212.089355
5/10/19 22:00,-178.375427
5/10/19 23:00,-117.850014
5/11/19 0:00,-31.5932121
5/11/19 1:00,-1.95035648
5/11/19 2:00,-0.568128705
5/11/19 3:00,-0.313158482
5/11/19 4:00,-0.15237774
5/11/19 5:00,-0.112734638
5/11/19 6:00,-0.124995932
5/11/19 7:00,-0.187712967
5/11/19 8:00,-0.255291283
5/11/19 9:00,-0.30423221
5/11/19 10:00,-0.278361499
5/11/19 11:00,-0.342840433
5/11/19 12:00,-4.8630271
5/11/19 13:00,-18.8866463
5/11/19 14:00,-34.161869
5/11/19 15:00,-58.8631325
5/11/19 16:00,-92.6970062
5/11/19 17:00,-123.748466
5/11/19 18:00,-147.781357
5/11/19 19:00,-156.21373
5/11/19 20:00,-152.632599
5/11/19 21:00,-145.65274
5/11/19 22:00,-116.03746
5/11/19 23:00,-71.1484985
5/12/19 0:00,-23.8631229
5/12/19 1:00,-4.38955021
5/12/19 2:00,-2.09576678
5/12/19 3:00,-1.59590864
5/12/19 4:00,-1.32657909
5/12/19 5:00,-1.08726132
5/12/19 6:00,-0.742641568
5/12/19 7:00,-0.551586568
5/12/19 8:00,-0.580060363
5/12/19 9:00,-0.744239211
5/12/19 10:00,-0.804695487
5/12/19 11:00,-0.981341243
5/12/19 12:00,-5.33630276
5/12/19 13:00,-19.4538097
5/12/19 14:00,-48.1521187
5/12/19 15:00,-90.1495895
5/12/19 16:00,-130.36058
5/12/19 17:00,-160.835052
5/12/19 18:00,-174.964111
5/12/19 19:00,-176.845963
5/12/19 20:00,-170.319199
5/12/19 21:00,-157.235413
5/12/19 22:00,-121.682823
5/12/19 23:00,-74.7662354
5/13/19 0:00,-26.7053604
5/13/19 1:00,-5.31497431
5/13/19 2:00,-2.43441367
5/13/19 3:00,-1.41334486
5/13/19 4:00,-0.744103372
5/13/19 5:00,-0.439832538
5/13/19 6:00,-0.251015097
5/13/19 7:00,-0.205847889
5/13/19 8:00,-0.351978123
5/13/19 9:00,-0.186467975
5/13/19 10:00,-0.027932866
5/13/19 11:00,-0.092856042
5/13/19 12:00,-10.1326141
5/13/19 13:00,-50.3220329
5/13/19 14:00,-104.46537
5/13/19 15:00,-175.626404
5/13/19 16:00,-231.233444
5/13/19 17:00,-257.564423
5/13/19 18:00,-263.016937
5/13/19 19:00,-256.140381
5/13/19 20:00,-244.636017
5/13/19 21:00,-222.307007
5/13/19 22:00,-178.31871
5/13/19 23:00,-115.710052
5/14/19 0:00,-44.4386864
5/14/19 1:00,-9.01901245
5/14/19 2:00,-5.70769453
5/14/19 3:00,-4.45460081
5/14/19 4:00,-2.73249435
5/14/19 5:00,-2.00601506
5/14/19 6:00,-1.56105876
5/14/19 7:00,-1.1193465
5/14/19 8:00,-0.994934201
5/14/19 9:00,-0.920007229
5/14/19 10:00,-0.458642632
5/14/19 11:00,-0.413341969
5/14/19 12:00,-11.1750107
5/14/19 13:00,-70.9242096
5/14/19 14:00,-128.871613
5/14/19 15:00,-184.965073
5/14/19 16:00,-225.110123
5/14/19 17:00,-249.49205
5/14/19 18:00,-256.794708
5/14/19 19:00,-253.095596
5/14/19 20:00,-240.889755
5/14/19 21:00,-216.6353
5/14/19 22:00,-170.511597
5/14/19 23:00,-109.729408
5/15/19 0:00,-43.8333588
5/15/19 1:00,-3.26202798
5/15/19 2:00,-1.66630936
5/15/19 3:00,-1.1641717
5/15/19 4:00,-0.752785563
5/15/19 5:00,-0.755228043
5/15/19 6:00,-0.887587547
5/15/19 7:00,-0.595008075
5/15/19 8:00,-0.368319839
5/15/19 9:00,-0.303284913
5/15/19 10:00,-0.112544544
5/15/19 11:00,-0.019387813
5/15/19 12:00,-4.9524765
5/15/19 13:00,-80.8767776
5/15/19 14:00,-157.315445
5/15/19 15:00,-224.585251
5/15/19 16:00,-269.601532
5/15/19 17:00,-288.72937
5/15/19 18:00,-283.152222
5/15/19 19:00,-267.448853
5/15/19 20:00,-247.243256
5/15/19 21:00,-207.599686
5/15/19 22:00,-154.333527
5/15/19 23:00,-97.0325699
5/16/19 0:00,-37.5485649
5/16/19 1:00,-3.86124396
5/16/19 2:00,-2.70422912
5/16/19 3:00,-2.58797741
5/16/19 4:00,-1.92578006
5/16/19 5:00,-1.65077412
5/16/19 6:00,-1.20909369
5/16/19 7:00,-0.693409026
5/16/19 8:00,-0.649359286
5/16/19 9:00,-0.493277341
5/16/19 10:00,-0.15554513
5/16/19 11:00,-0.137640819
5/16/19 12:00,-7.58809996
5/16/19 13:00,-78.2218094
5/16/19 14:00,-143.339615
5/16/19 15:00,-208.698227
5/16/19 16:00,-256.06424
5/16/19 17:00,-277.006165
5/16/19 18:00,-280.173492
5/16/19 19:00,-270.465729
5/16/19 20:00,-260.133514
5/16/19 21:00,-241.648071
5/16/19 22:00,-200.204437
5/16/19 23:00,-131.815292
5/17/19 0:00,-38.0670395
5/17/19 1:00,-1.20620692
5/17/19 2:00,-0.297329128
5/17/19 3:00,-0.186216816
5/17/19 4:00,-0.025670735
5/17/19 5:00,-0.000311553
5/17/19 6:00,0
5/17/19 7:00,0
5/17/19 8:00,-0.000136744
5/17/19 9:00,-0.000713471
5/17/19 10:00,-0.003241904
5/17/19 11:00,-0.039296318
5/17/19 12:00,-3.59467721
5/17/19 13:00,-65.4236221
5/17/19 14:00,-126.515991
5/17/19 15:00,-187.498993
5/17/19 16:00,-237.989548
5/17/19 17:00,-255.305435
5/17/19 18:00,-245.118607
5/17/19 19:00,-223.961105
5/17/19 20:00,-213.935257
5/17/19 21:00,-203.587067
5/17/19 22:00,-179.51738
5/17/19 23:00,-127.701996
5/18/19 0:00,-38.3134689
5/18/19 1:00,-2.11657643
5/18/19 2:00,-0.528455257
5/18/19 3:00,-0.231949121
5/18/19 4:00,-0.021487085
5/18/19 5:00,-0.000521571
5/18/19 6:00,0
5/18/19 7:00,-1.91E-06
5/18/19 8:00,0
5/18/19 9:00,0
5/18/19 10:00,0
5/18/19 11:00,-0.009015726
5/18/19 12:00,-0.410451502
5/18/19 13:00,-72.5862961
5/18/19 14:00,-190.825836
5/18/19 15:00,-249.014984
5/18/19 16:00,-247.493896
5/18/19 17:00,-210.05336
5/18/19 18:00,-177.986542
5/18/19 19:00,-159.725998
5/18/19 20:00,-157.992325
5/18/19 21:00,-164.566635
5/18/19 22:00,-161.527328
5/18/19 23:00,-123.765594
5/19/19 0:00,-35.6026764
5/19/19 1:00,-2.09739923
5/19/19 2:00,-0.992485166
5/19/19 3:00,-0.679121077
5/19/19 4:00,-0.262902796
5/19/19 5:00,-0.131405488
5/19/19 6:00,-0.066716649
5/19/19 7:00,-0.061103884
5/19/19 8:00,-0.082032651
5/19/19 9:00,-0.0553235
5/19/19 10:00,-0.105557673
5/19/19 11:00,-0.491209328
5/19/19 12:00,-15.1408663
5/19/19 13:00,-90.1886063
5/19/19 14:00,-162.726578
5/19/19 15:00,-230.286163
5/19/19 16:00,-261.422791
5/19/19 17:00,-256.02121
5/19/19 18:00,-234.941895
5/19/19 19:00,-215.998367
5/19/19 20:00,-216.253418
5/19/19 21:00,-214.375916
5/19/19 22:00,-188.837112
5/19/19 23:00,-131.691711
5/20/19 0:00,-47.3984032
5/20/19 1:00,-7.43721056
5/20/19 2:00,-3.16685605
5/20/19 3:00,-1.94070375
5/20/19 4:00,-1.03496706
5/20/19 5:00,-0.66396004
5/20/19 6:00,-0.499403328
5/20/19 7:00,-0.384617269
5/20/19 8:00,-0.405523151
5/20/19 9:00,-0.564666271
5/20/19 10:00,-0.538751721
5/20/19 11:00,-0.552131772
5/20/19 12:00,-13.5671968
5/20/19 13:00,-76.9656219
5/20/19 14:00,-138.077286
5/20/19 15:00,-204.499832
5/20/19 16:00,-247.405396
5/20/19 17:00,-251.915329
5/20/19 18:00,-235.978607
5/20/19 19:00,-213.541748
5/20/19 20:00,-204.957855
5/20/19 21:00,-201.40535
5/20/19 22:00,-186.578827
5/20/19 23:00,-137.822235
5/21/19 0:00,-42.2355804
5/21/19 1:00,-1.85732758
5/21/19 2:00,-0.33015725
5/21/19 3:00,-0.201193213
5/21/19 4:00,-0.040020071
5/21/19 5:00,-0.000452478
5/21/19 6:00,0
5/21/19 7:00,0
5/21/19 8:00,-1.54E-05
5/21/19 9:00,-0.000264974
5/21/19 10:00,0
5/21/19 11:00,-0.001358634
5/21/19 12:00,-1.45466876
5/21/19 13:00,-83.650444
5/21/19 14:00,-185.09726
5/21/19 15:00,-247.228958
5/21/19 16:00,-266.060486
5/21/19 17:00,-247.800842
5/21/19 18:00,-208.700287
5/21/19 19:00,-172.525665
5/21/19 20:00,-166.803223
5/21/19 21:00,-172.850571
5/21/19 22:00,-176.276855
5/21/19 23:00,-142.475723
5/22/19 0:00,-43.1578979
5/22/19 1:00,-1.97515225
5/22/19 2:00,-0.539238393
5/22/19 3:00,-0.2692568
5/22/19 4:00,-0.072563626
5/22/19 5:00,-0.026878256
5/22/19 6:00,-0.356706291
5/22/19 7:00,-1.2936151
5/22/19 8:00,-1.88720846
5/22/19 9:00,-2.48888445
5/22/19 10:00,-3.16535926
5/22/19 11:00,-5.35285568
5/22/19 12:00,-22.5530071
5/22/19 13:00,-76.8868179
5/22/19 14:00,-133.127655
5/22/19 15:00,-194.278519
5/22/19 16:00,-236.913345
5/22/19 17:00,-251.671906
5/22/19 18:00,-249.732742
5/22/19 19:00,-231.660263
5/22/19 20:00,-221.749939
5/22/19 21:00,-216.083359
5/22/19 22:00,-187.510696
5/22/19 23:00,-127.939644
5/23/19 0:00,-44.0428696
5/23/19 1:00,-3.32707429
5/23/19 2:00,-0.670399308
5/23/19 3:00,-0.505888402
5/23/19 4:00,-0.503267586
5/23/19 5:00,-0.599179685
5/23/19 6:00,-0.816737831
5/23/19 7:00,-1.01526999
5/23/19 8:00,-1.01580501
5/23/19 9:00,-1.1569829
5/23/19 10:00,-1.1776104
5/23/19 11:00,-1.82544911
5/23/19 12:00,-14.7607002
5/23/19 13:00,-67.8144913
5/23/19 14:00,-128.646591
5/23/19 15:00,-192.789505
5/23/19 16:00,-230.583511
5/23/19 17:00,-239.411865
5/23/19 18:00,-244.894714
5/23/19 19:00,-229.3815
5/23/19 20:00,-214.42659
5/23/19 21:00,-201.484985
5/23/19 22:00,-175.195969
5/23/19 23:00,-129.630844
5/24/19 0:00,-43.552021
5/24/19 1:00,-1.91420603
5/24/19 2:00,-0.286515236
5/24/19 3:00,-0.087473109
5/24/19 4:00,-0.005654993
5/24/19 5:00,-1.56E-05
5/24/19 6:00,-1.51E-05
5/24/19 7:00,0
5/24/19 8:00,-1.91E-06
5/24/19 9:00,0
5/24/19 10:00,-1.91E-06
5/24/19 11:00,-0.005483001
5/24/19 12:00,-6.66781664
5/24/19 13:00,-91.5735168
5/24/19 14:00,-174.906265
5/24/19 15:00,-235.361465
5/24/19 16:00,-252.325058
5/24/19 17:00,-236.919998
5/24/19 18:00,-205.791092
5/24/19 19:00,-177.792816
5/24/19 20:00,-168.350494
5/24/19 21:00,-165.461243
5/24/19 22:00,-158.830246
5/24/19 23:00,-130.236343
5/25/19 0:00,-43.6619072
5/25/19 1:00,-1.79650307
5/25/19 2:00,-0.448896378
5/25/19 3:00,-0.13589029
5/25/19 4:00,-0.011572154
5/25/19 5:00,-0.000322132
5/25/19 6:00,-1.91E-06
5/25/19 7:00,0
5/25/19 8:00,-1.91E-06
5/25/19 9:00,-1.91E-06
5/25/19 10:00,0
5/25/19 11:00,-0.021221537
5/25/19 12:00,-0.681690753
5/25/19 13:00,-96.1729889
5/25/19 14:00,-194.325485
5/25/19 15:00,-235.486359
5/25/19 16:00,-225.142944
5/25/19 17:00,-195.446396
5/25/19 18:00,-163.60791
5/25/19 19:00,-141.268982
5/25/19 20:00,-143.184555
5/25/19 21:00,-155.716339
5/25/19 22:00,-157.332047
5/25/19 23:00,-128.32785
5/26/19 0:00,-42.079689
5/26/19 1:00,-1.10851812
5/26/19 2:00,-0.092873581
5/26/19 3:00,-0.01342893
5/26/19 4:00,-0.000186833
5/26/19 5:00,-3.81E-06
5/26/19 6:00,-1.91E-06
5/26/19 7:00,0
5/26/19 8:00,0
5/26/19 9:00,0
5/26/19 10:00,0
5/26/19 11:00,-0.000478985
5/26/19 12:00,-1.8563168
5/26/19 13:00,-91.9812317
5/26/19 14:00,-183.050537
5/26/19 15:00,-235.7323
5/26/19 16:00,-234.368866
5/26/19 17:00,-201.7005
5/26/19 18:00,-165.093704
5/26/19 19:00,-141.420929
5/26/19 20:00,-139.084686
5/26/19 21:00,-142.261429
5/26/19 22:00,-141.795914
5/26/19 23:00,-124.469429